condition,spreader,moderator,seed,shock,total_exposure,peak_infection,time_to_containment,contained,false_positives,takedowns,false_positive_rate,recovery_time,recovered,lam
C6,centrality,impact_weighted,0,False,160,20,58,True,7,66,0.10606060606060606,,,0.0
C6,centrality,impact_weighted,1,False,151,21,20,True,11,61,0.18032786885245902,,,0.0
C6,centrality,impact_weighted,2,False,154,13,23,True,13,59,0.22033898305084745,,,0.0
C6,centrality,impact_weighted,3,False,281,38,22,True,8,56,0.14285714285714285,,,0.0
C6,centrality,impact_weighted,4,False,151,15,37,True,6,60,0.1,,,0.0
C6,centrality,impact_weighted,5,False,188,26,21,True,3,59,0.05084745762711865,,,0.0
C6,centrality,impact_weighted,6,False,113,21,20,True,9,53,0.16981132075471697,,,0.0
C6,centrality,impact_weighted,7,False,154,19,19,True,8,66,0.12121212121212122,,,0.0
C6,centrality,impact_weighted,8,False,247,21,20,True,10,66,0.15151515151515152,,,0.0
C6,centrality,impact_weighted,9,False,186,19,21,True,8,53,0.1509433962264151,,,0.0
C6,centrality,impact_weighted,10,False,197,21,60,False,12,65,0.18461538461538463,,,0.0
C6,centrality,impact_weighted,11,False,121,12,21,True,9,65,0.13846153846153847,,,0.0
C6,centrality,impact_weighted,12,False,174,24,21,True,6,55,0.10909090909090909,,,0.0
C6,centrality,impact_weighted,13,False,237,16,27,True,6,53,0.11320754716981132,,,0.0
C6,centrality,impact_weighted,14,False,144,19,21,True,10,60,0.16666666666666666,,,0.0
C6,centrality,impact_weighted,15,False,177,24,21,True,6,67,0.08955223880597014,,,0.0
C6,centrality,impact_weighted,16,False,200,19,27,True,5,55,0.09090909090909091,,,0.0
C6,centrality,impact_weighted,17,False,138,14,21,True,8,65,0.12307692307692308,,,0.0
C6,centrality,impact_weighted,18,False,135,16,52,True,10,64,0.15625,,,0.0
C6,centrality,impact_weighted,19,False,130,19,20,True,9,53,0.16981132075471697,,,0.0
C6,centrality,impact_weighted,20,False,183,17,25,True,11,63,0.1746031746031746,,,0.0
C6,centrality,impact_weighted,21,False,194,25,44,True,9,58,0.15517241379310345,,,0.0
C6,centrality,impact_weighted,22,False,165,17,22,True,10,56,0.17857142857142858,,,0.0
C6,centrality,impact_weighted,23,False,106,8,20,True,6,54,0.1111111111111111,,,0.0
C6,centrality,impact_weighted,24,False,261,35,41,True,9,58,0.15517241379310345,,,0.0
C6,centrality,impact_weighted,25,False,164,15,47,True,9,56,0.16071428571428573,,,0.0
C6,centrality,impact_weighted,26,False,249,44,20,True,5,64,0.078125,,,0.0
C6,centrality,impact_weighted,27,False,157,15,22,True,4,50,0.08,,,0.0
C6,centrality,impact_weighted,28,False,177,22,20,True,13,58,0.22413793103448276,,,0.0
C6,centrality,impact_weighted,29,False,168,18,21,True,6,61,0.09836065573770492,,,0.0
C6,centrality,impact_weighted,0,False,160,20,58,True,2,61,0.03278688524590164,,,0.5
C6,centrality,impact_weighted,1,False,151,21,20,True,5,55,0.09090909090909091,,,0.5
C6,centrality,impact_weighted,2,False,157,13,26,True,4,50,0.08,,,0.5
C6,centrality,impact_weighted,3,False,281,38,22,True,6,54,0.1111111111111111,,,0.5
C6,centrality,impact_weighted,4,False,151,15,37,True,4,58,0.06896551724137931,,,0.5
C6,centrality,impact_weighted,5,False,188,26,21,True,2,58,0.034482758620689655,,,0.5
C6,centrality,impact_weighted,6,False,107,11,20,True,6,51,0.11764705882352941,,,0.5
C6,centrality,impact_weighted,7,False,155,19,50,True,3,61,0.04918032786885246,,,0.5
C6,centrality,impact_weighted,8,False,247,21,20,True,3,60,0.05,,,0.5
C6,centrality,impact_weighted,9,False,186,19,21,True,6,51,0.11764705882352941,,,0.5
C6,centrality,impact_weighted,10,False,192,21,58,True,13,65,0.2,,,0.5
C6,centrality,impact_weighted,11,False,123,12,21,True,7,63,0.1111111111111111,,,0.5
C6,centrality,impact_weighted,12,False,174,24,21,True,6,55,0.10909090909090909,,,0.5
C6,centrality,impact_weighted,13,False,238,16,27,True,3,51,0.058823529411764705,,,0.5
C6,centrality,impact_weighted,14,False,145,19,21,True,6,56,0.10714285714285714,,,0.5
C6,centrality,impact_weighted,15,False,176,24,21,True,2,62,0.03225806451612903,,,0.5
C6,centrality,impact_weighted,16,False,200,19,27,True,4,54,0.07407407407407407,,,0.5
C6,centrality,impact_weighted,17,False,138,14,21,True,4,61,0.06557377049180328,,,0.5
C6,centrality,impact_weighted,18,False,133,16,32,True,8,60,0.13333333333333333,,,0.5
C6,centrality,impact_weighted,19,False,130,19,20,True,6,50,0.12,,,0.5
C6,centrality,impact_weighted,20,False,183,17,25,True,6,58,0.10344827586206896,,,0.5
C6,centrality,impact_weighted,21,False,188,25,25,True,7,55,0.12727272727272726,,,0.5
C6,centrality,impact_weighted,22,False,165,17,22,True,9,55,0.16363636363636364,,,0.5
C6,centrality,impact_weighted,23,False,248,29,21,True,3,52,0.057692307692307696,,,0.5
C6,centrality,impact_weighted,24,False,257,35,41,True,6,55,0.10909090909090909,,,0.5
C6,centrality,impact_weighted,25,False,164,15,47,True,6,53,0.11320754716981132,,,0.5
C6,centrality,impact_weighted,26,False,249,44,20,True,3,62,0.04838709677419355,,,0.5
C6,centrality,impact_weighted,27,False,155,15,22,True,6,50,0.12,,,0.5
C6,centrality,impact_weighted,28,False,178,22,20,True,10,55,0.18181818181818182,,,0.5
C6,centrality,impact_weighted,29,False,169,18,21,True,3,58,0.05172413793103448,,,0.5
C6,centrality,impact_weighted,0,False,160,20,58,True,2,61,0.03278688524590164,,,1.0
C6,centrality,impact_weighted,1,False,152,21,48,True,2,53,0.03773584905660377,,,1.0
C6,centrality,impact_weighted,2,False,157,13,26,True,3,49,0.061224489795918366,,,1.0
C6,centrality,impact_weighted,3,False,281,38,22,True,4,52,0.07692307692307693,,,1.0
C6,centrality,impact_weighted,4,False,151,15,37,True,3,57,0.05263157894736842,,,1.0
C6,centrality,impact_weighted,5,False,188,26,21,True,2,58,0.034482758620689655,,,1.0
C6,centrality,impact_weighted,6,False,107,11,20,True,5,50,0.1,,,1.0
C6,centrality,impact_weighted,7,False,154,19,39,True,1,58,0.017241379310344827,,,1.0
C6,centrality,impact_weighted,8,False,247,21,20,True,2,59,0.03389830508474576,,,1.0
C6,centrality,impact_weighted,9,False,169,44,20,True,8,46,0.17391304347826086,,,1.0
C6,centrality,impact_weighted,10,False,195,21,58,True,6,59,0.1016949152542373,,,1.0
C6,centrality,impact_weighted,11,False,182,24,20,True,3,57,0.05263157894736842,,,1.0
C6,centrality,impact_weighted,12,False,175,24,21,True,4,53,0.07547169811320754,,,1.0
C6,centrality,impact_weighted,13,False,238,16,27,True,2,50,0.04,,,1.0
C6,centrality,impact_weighted,14,False,145,19,21,True,5,55,0.09090909090909091,,,1.0
C6,centrality,impact_weighted,15,False,176,24,21,True,2,62,0.03225806451612903,,,1.0
C6,centrality,impact_weighted,16,False,200,19,27,True,4,53,0.07547169811320754,,,1.0
C6,centrality,impact_weighted,17,False,138,14,21,True,4,61,0.06557377049180328,,,1.0
C6,centrality,impact_weighted,18,False,149,16,20,True,7,59,0.11864406779661017,,,1.0
C6,centrality,impact_weighted,19,False,130,19,20,True,6,49,0.12244897959183673,,,1.0
C6,centrality,impact_weighted,20,False,183,17,25,True,5,57,0.08771929824561403,,,1.0
C6,centrality,impact_weighted,21,False,166,15,20,True,6,53,0.11320754716981132,,,1.0
C6,centrality,impact_weighted,22,False,160,17,20,True,6,50,0.12,,,1.0
C6,centrality,impact_weighted,23,False,248,29,21,True,3,52,0.057692307692307696,,,1.0
C6,centrality,impact_weighted,24,False,257,35,23,True,5,54,0.09259259259259259,,,1.0
C6,centrality,impact_weighted,25,False,162,15,22,True,3,49,0.061224489795918366,,,1.0
C6,centrality,impact_weighted,26,False,249,44,20,True,3,62,0.04838709677419355,,,1.0
C6,centrality,impact_weighted,27,False,155,15,22,True,3,47,0.06382978723404255,,,1.0
C6,centrality,impact_weighted,28,False,194,22,22,True,7,51,0.13725490196078433,,,1.0
C6,centrality,impact_weighted,29,False,169,18,21,True,3,58,0.05172413793103448,,,1.0
C6,centrality,impact_weighted,0,False,160,20,58,True,2,61,0.03278688524590164,,,2.0
C6,centrality,impact_weighted,1,False,140,21,19,True,1,48,0.020833333333333332,,,2.0
C6,centrality,impact_weighted,2,False,158,13,30,True,4,49,0.08163265306122448,,,2.0
C6,centrality,impact_weighted,3,False,278,38,51,True,6,54,0.1111111111111111,,,2.0
C6,centrality,impact_weighted,4,False,106,15,21,True,1,56,0.017857142857142856,,,2.0
C6,centrality,impact_weighted,5,False,248,27,21,True,1,56,0.017857142857142856,,,2.0
C6,centrality,impact_weighted,6,False,107,11,20,True,2,47,0.0425531914893617,,,2.0
C6,centrality,impact_weighted,7,False,155,19,39,True,1,58,0.017241379310344827,,,2.0
C6,centrality,impact_weighted,8,False,247,21,20,True,2,58,0.034482758620689655,,,2.0
C6,centrality,impact_weighted,9,False,169,44,20,True,8,46,0.17391304347826086,,,2.0
C6,centrality,impact_weighted,10,False,195,21,58,True,5,58,0.08620689655172414,,,2.0
C6,centrality,impact_weighted,11,False,182,24,20,True,2,56,0.03571428571428571,,,2.0
C6,centrality,impact_weighted,12,False,176,24,21,True,2,51,0.0392156862745098,,,2.0
C6,centrality,impact_weighted,13,False,238,16,27,True,2,50,0.04,,,2.0
C6,centrality,impact_weighted,14,False,145,19,21,True,5,54,0.09259259259259259,,,2.0
C6,centrality,impact_weighted,15,False,176,24,21,True,2,62,0.03225806451612903,,,2.0
C6,centrality,impact_weighted,16,False,215,19,47,True,2,52,0.038461538461538464,,,2.0
C6,centrality,impact_weighted,17,False,136,14,21,True,1,55,0.01818181818181818,,,2.0
C6,centrality,impact_weighted,18,False,157,16,52,True,3,56,0.05357142857142857,,,2.0
C6,centrality,impact_weighted,19,False,130,19,20,True,4,47,0.0851063829787234,,,2.0
C6,centrality,impact_weighted,20,False,185,17,57,True,4,56,0.07142857142857142,,,2.0
C6,centrality,impact_weighted,21,False,148,15,44,True,4,50,0.08,,,2.0
C6,centrality,impact_weighted,22,False,159,14,60,False,1,45,0.022222222222222223,,,2.0
C6,centrality,impact_weighted,23,False,248,29,21,True,1,50,0.02,,,2.0
C6,centrality,impact_weighted,24,False,257,35,23,True,4,53,0.07547169811320754,,,2.0
C6,centrality,impact_weighted,25,False,149,13,21,True,0,46,0.0,,,2.0
C6,centrality,impact_weighted,26,False,250,44,21,True,4,62,0.06451612903225806,,,2.0
C6,centrality,impact_weighted,27,False,155,15,22,True,2,46,0.043478260869565216,,,2.0
C6,centrality,impact_weighted,28,False,194,22,22,True,7,51,0.13725490196078433,,,2.0
C6,centrality,impact_weighted,29,False,205,18,35,True,2,57,0.03508771929824561,,,2.0
C6,centrality,impact_weighted,0,False,160,20,58,True,2,60,0.03333333333333333,,,5.0
C6,centrality,impact_weighted,1,False,174,28,48,True,1,53,0.018867924528301886,,,5.0
C6,centrality,impact_weighted,2,False,158,13,30,True,3,48,0.0625,,,5.0
C6,centrality,impact_weighted,3,False,285,38,22,True,1,50,0.02,,,5.0
C6,centrality,impact_weighted,4,False,123,15,21,True,1,58,0.017241379310344827,,,5.0
C6,centrality,impact_weighted,5,False,156,15,21,True,0,51,0.0,,,5.0
C6,centrality,impact_weighted,6,False,105,9,21,True,1,46,0.021739130434782608,,,5.0
C6,centrality,impact_weighted,7,False,201,38,60,False,1,61,0.01639344262295082,,,5.0
C6,centrality,impact_weighted,8,False,267,17,21,True,3,59,0.05084745762711865,,,5.0
C6,centrality,impact_weighted,9,False,263,44,25,True,2,38,0.05263157894736842,,,5.0
C6,centrality,impact_weighted,10,False,255,25,58,True,2,58,0.034482758620689655,,,5.0
C6,centrality,impact_weighted,11,False,182,24,20,True,2,56,0.03571428571428571,,,5.0
C6,centrality,impact_weighted,12,False,176,24,21,True,1,50,0.02,,,5.0
C6,centrality,impact_weighted,13,False,210,33,18,True,2,45,0.044444444444444446,,,5.0
C6,centrality,impact_weighted,14,False,190,19,21,True,5,59,0.0847457627118644,,,5.0
C6,centrality,impact_weighted,15,False,176,26,20,True,1,55,0.01818181818181818,,,5.0
C6,centrality,impact_weighted,16,False,286,39,47,True,4,50,0.08,,,5.0
C6,centrality,impact_weighted,17,False,136,14,21,True,1,55,0.01818181818181818,,,5.0
C6,centrality,impact_weighted,18,False,156,16,52,True,2,54,0.037037037037037035,,,5.0
C6,centrality,impact_weighted,19,False,186,19,21,True,1,45,0.022222222222222223,,,5.0
C6,centrality,impact_weighted,20,False,178,17,26,True,0,49,0.0,,,5.0
C6,centrality,impact_weighted,21,False,259,28,45,True,1,54,0.018518518518518517,,,5.0
C6,centrality,impact_weighted,22,False,159,14,60,False,1,45,0.022222222222222223,,,5.0
C6,centrality,impact_weighted,23,False,212,29,20,True,3,52,0.057692307692307696,,,5.0
C6,centrality,impact_weighted,24,False,274,32,28,True,3,50,0.06,,,5.0
C6,centrality,impact_weighted,25,False,184,19,21,True,1,47,0.02127659574468085,,,5.0
C6,centrality,impact_weighted,26,False,250,44,21,True,2,60,0.03333333333333333,,,5.0
C6,centrality,impact_weighted,27,False,155,15,22,True,1,45,0.022222222222222223,,,5.0
C6,centrality,impact_weighted,28,False,219,24,21,True,3,55,0.05454545454545454,,,5.0
C6,centrality,impact_weighted,29,False,205,18,35,True,2,57,0.03508771929824561,,,5.0
C6,centrality,impact_weighted,0,False,161,20,58,True,0,58,0.0,,,10.0
C6,centrality,impact_weighted,1,False,135,15,48,True,2,48,0.041666666666666664,,,10.0
C6,centrality,impact_weighted,2,False,194,14,21,True,1,50,0.02,,,10.0
C6,centrality,impact_weighted,3,False,285,38,22,True,1,50,0.02,,,10.0
C6,centrality,impact_weighted,4,False,250,40,22,True,0,54,0.0,,,10.0
C6,centrality,impact_weighted,5,False,156,15,21,True,0,51,0.0,,,10.0
C6,centrality,impact_weighted,6,False,281,44,20,True,0,46,0.0,,,10.0
C6,centrality,impact_weighted,7,False,201,38,60,False,1,60,0.016666666666666666,,,10.0
C6,centrality,impact_weighted,8,False,366,27,57,True,2,56,0.03571428571428571,,,10.0
C6,centrality,impact_weighted,9,False,283,49,19,True,1,38,0.02631578947368421,,,10.0
C6,centrality,impact_weighted,10,False,256,25,58,True,1,56,0.017857142857142856,,,10.0
C6,centrality,impact_weighted,11,False,187,19,21,True,1,58,0.017241379310344827,,,10.0
C6,centrality,impact_weighted,12,False,259,40,58,True,0,49,0.0,,,10.0
C6,centrality,impact_weighted,13,False,221,26,23,True,0,45,0.0,,,10.0
C6,centrality,impact_weighted,14,False,241,24,33,True,3,49,0.061224489795918366,,,10.0
C6,centrality,impact_weighted,15,False,187,40,20,True,0,54,0.0,,,10.0
C6,centrality,impact_weighted,16,False,324,42,22,True,4,54,0.07407407407407407,,,10.0
C6,centrality,impact_weighted,17,False,162,16,21,True,0,58,0.0,,,10.0
C6,centrality,impact_weighted,18,False,175,16,54,True,2,54,0.037037037037037035,,,10.0
C6,centrality,impact_weighted,19,False,327,34,23,True,0,43,0.0,,,10.0
C6,centrality,impact_weighted,20,False,186,19,20,True,0,46,0.0,,,10.0
C6,centrality,impact_weighted,21,False,343,44,25,True,0,48,0.0,,,10.0
C6,centrality,impact_weighted,22,False,250,30,20,True,2,41,0.04878048780487805,,,10.0
C6,centrality,impact_weighted,23,False,201,23,19,True,0,47,0.0,,,10.0
C6,centrality,impact_weighted,24,False,174,19,20,True,3,51,0.058823529411764705,,,10.0
C6,centrality,impact_weighted,25,False,186,30,20,True,0,46,0.0,,,10.0
C6,centrality,impact_weighted,26,False,249,44,21,True,0,58,0.0,,,10.0
C6,centrality,impact_weighted,27,False,140,15,20,True,1,46,0.021739130434782608,,,10.0
C6,centrality,impact_weighted,28,False,254,31,35,True,1,52,0.019230769230769232,,,10.0
C6,centrality,impact_weighted,29,False,392,34,29,True,1,51,0.0196078431372549,,,10.0
C6,centrality,impact_weighted,0,False,177,18,58,True,0,56,0.0,,,20.0
C6,centrality,impact_weighted,1,False,363,28,48,True,0,45,0.0,,,20.0
C6,centrality,impact_weighted,2,False,194,14,21,True,1,50,0.02,,,20.0
C6,centrality,impact_weighted,3,False,313,35,51,True,0,48,0.0,,,20.0
C6,centrality,impact_weighted,4,False,284,38,37,True,0,53,0.0,,,20.0
C6,centrality,impact_weighted,5,False,212,29,20,True,0,51,0.0,,,20.0
C6,centrality,impact_weighted,6,False,367,44,26,True,0,46,0.0,,,20.0
C6,centrality,impact_weighted,7,False,298,44,60,False,1,61,0.01639344262295082,,,20.0
C6,centrality,impact_weighted,8,False,393,30,57,True,0,52,0.0,,,20.0
C6,centrality,impact_weighted,9,False,412,49,22,True,0,38,0.0,,,20.0
C6,centrality,impact_weighted,10,False,399,71,58,True,0,49,0.0,,,20.0
C6,centrality,impact_weighted,11,False,187,19,21,True,1,58,0.017241379310344827,,,20.0
C6,centrality,impact_weighted,12,False,285,43,22,True,0,51,0.0,,,20.0
C6,centrality,impact_weighted,13,False,335,35,25,True,0,43,0.0,,,20.0
C6,centrality,impact_weighted,14,False,438,52,22,True,1,47,0.02127659574468085,,,20.0
C6,centrality,impact_weighted,15,False,225,40,57,True,1,59,0.01694915254237288,,,20.0
C6,centrality,impact_weighted,16,False,314,39,30,True,0,47,0.0,,,20.0
C6,centrality,impact_weighted,17,False,133,14,21,True,0,57,0.0,,,20.0
C6,centrality,impact_weighted,18,False,191,18,52,True,0,54,0.0,,,20.0
C6,centrality,impact_weighted,19,False,168,19,37,True,0,41,0.0,,,20.0
C6,centrality,impact_weighted,20,False,186,19,20,True,0,46,0.0,,,20.0
C6,centrality,impact_weighted,21,False,266,29,44,True,0,48,0.0,,,20.0
C6,centrality,impact_weighted,22,False,316,39,20,True,0,36,0.0,,,20.0
C6,centrality,impact_weighted,23,False,278,36,20,True,0,48,0.0,,,20.0
C6,centrality,impact_weighted,24,False,318,42,41,True,3,47,0.06382978723404255,,,20.0
C6,centrality,impact_weighted,25,False,186,30,20,True,0,46,0.0,,,20.0
C6,centrality,impact_weighted,26,False,249,44,21,True,0,58,0.0,,,20.0
C6,centrality,impact_weighted,27,False,246,37,20,True,0,40,0.0,,,20.0
C6,centrality,impact_weighted,28,False,396,47,22,True,1,49,0.02040816326530612,,,20.0
C6,centrality,impact_weighted,29,False,446,53,23,True,0,50,0.0,,,20.0
C6,centrality,impact_weighted,0,False,266,29,58,True,0,54,0.0,,,50.0
C6,centrality,impact_weighted,1,False,204,22,21,True,0,44,0.0,,,50.0
C6,centrality,impact_weighted,2,False,354,40,30,True,1,49,0.02040816326530612,,,50.0
C6,centrality,impact_weighted,3,False,374,50,51,True,0,46,0.0,,,50.0
C6,centrality,impact_weighted,4,False,222,37,22,True,0,53,0.0,,,50.0
C6,centrality,impact_weighted,5,False,338,33,22,True,0,48,0.0,,,50.0
C6,centrality,impact_weighted,6,False,382,43,24,True,0,43,0.0,,,50.0
C6,centrality,impact_weighted,7,False,235,21,21,True,0,57,0.0,,,50.0
C6,centrality,impact_weighted,8,False,556,51,29,True,0,47,0.0,,,50.0
C6,centrality,impact_weighted,9,False,390,47,22,True,0,36,0.0,,,50.0
C6,centrality,impact_weighted,10,False,271,27,58,True,0,52,0.0,,,50.0
C6,centrality,impact_weighted,11,False,284,25,25,True,0,56,0.0,,,50.0
C6,centrality,impact_weighted,12,False,368,40,23,True,0,50,0.0,,,50.0
C6,centrality,impact_weighted,13,False,377,45,22,True,0,39,0.0,,,50.0
C6,centrality,impact_weighted,14,False,489,52,30,True,0,47,0.0,,,50.0
C6,centrality,impact_weighted,15,False,205,40,57,True,0,55,0.0,,,50.0
C6,centrality,impact_weighted,16,False,421,51,20,True,0,46,0.0,,,50.0
C6,centrality,impact_weighted,17,False,139,14,31,True,0,56,0.0,,,50.0
C6,centrality,impact_weighted,18,False,194,18,28,True,0,52,0.0,,,50.0
C6,centrality,impact_weighted,19,False,181,26,33,True,1,43,0.023255813953488372,,,50.0
C6,centrality,impact_weighted,20,False,366,35,28,True,0,50,0.0,,,50.0
C6,centrality,impact_weighted,21,False,270,29,44,True,0,46,0.0,,,50.0
C6,centrality,impact_weighted,22,False,423,42,26,True,1,39,0.02564102564102564,,,50.0
C6,centrality,impact_weighted,23,False,229,26,20,True,0,46,0.0,,,50.0
C6,centrality,impact_weighted,24,False,507,51,41,True,0,44,0.0,,,50.0
C6,centrality,impact_weighted,25,False,413,53,20,True,0,45,0.0,,,50.0
C6,centrality,impact_weighted,26,False,489,44,22,True,0,56,0.0,,,50.0
C6,centrality,impact_weighted,27,False,401,52,39,True,0,41,0.0,,,50.0
C6,centrality,impact_weighted,28,False,440,56,21,True,0,47,0.0,,,50.0
C6,centrality,impact_weighted,29,False,532,56,26,True,0,47,0.0,,,50.0
C6,centrality,impact_weighted,0,False,344,40,22,True,0,53,0.0,,,200.0
C6,centrality,impact_weighted,1,False,302,32,51,True,1,45,0.022222222222222223,,,200.0
C6,centrality,impact_weighted,2,False,367,26,44,True,1,45,0.022222222222222223,,,200.0
C6,centrality,impact_weighted,3,False,352,49,51,True,0,46,0.0,,,200.0
C6,centrality,impact_weighted,4,False,298,29,21,True,0,52,0.0,,,200.0
C6,centrality,impact_weighted,5,False,338,33,22,True,0,48,0.0,,,200.0
C6,centrality,impact_weighted,6,False,411,43,24,True,0,43,0.0,,,200.0
C6,centrality,impact_weighted,7,False,569,51,23,True,0,51,0.0,,,200.0
C6,centrality,impact_weighted,8,False,533,51,41,True,0,46,0.0,,,200.0
C6,centrality,impact_weighted,9,False,360,43,21,True,0,35,0.0,,,200.0
C6,centrality,impact_weighted,10,False,416,38,58,True,0,47,0.0,,,200.0
C6,centrality,impact_weighted,11,False,300,36,24,True,0,52,0.0,,,200.0
C6,centrality,impact_weighted,12,False,392,37,21,True,0,46,0.0,,,200.0
C6,centrality,impact_weighted,13,False,377,45,22,True,0,39,0.0,,,200.0
C6,centrality,impact_weighted,14,False,588,63,27,True,0,48,0.0,,,200.0
C6,centrality,impact_weighted,15,False,458,55,22,True,0,56,0.0,,,200.0
C6,centrality,impact_weighted,16,False,549,53,32,True,0,46,0.0,,,200.0
C6,centrality,impact_weighted,17,False,264,38,21,True,0,56,0.0,,,200.0
C6,centrality,impact_weighted,18,False,400,45,52,True,0,52,0.0,,,200.0
C6,centrality,impact_weighted,19,False,325,36,22,True,0,35,0.0,,,200.0
C6,centrality,impact_weighted,20,False,694,39,31,True,0,50,0.0,,,200.0
C6,centrality,impact_weighted,21,False,587,62,47,True,0,44,0.0,,,200.0
C6,centrality,impact_weighted,22,False,302,42,23,True,0,36,0.0,,,200.0
C6,centrality,impact_weighted,23,False,232,34,21,True,0,47,0.0,,,200.0
C6,centrality,impact_weighted,24,False,527,55,41,True,0,41,0.0,,,200.0
C6,centrality,impact_weighted,25,False,529,62,23,True,0,42,0.0,,,200.0
C6,centrality,impact_weighted,26,False,569,55,25,True,0,50,0.0,,,200.0
C6,centrality,impact_weighted,27,False,401,52,39,True,0,41,0.0,,,200.0
C6,centrality,impact_weighted,28,False,546,48,25,True,0,42,0.0,,,200.0
C6,centrality,impact_weighted,29,False,569,56,29,True,0,48,0.0,,,200.0
