condition,spreader,moderator,seed,shock,total_exposure,peak_infection,time_to_containment,contained,false_positives,takedowns,false_positive_rate,recovery_time,recovered,value
C1,random,random,0,False,488,46,23,True,1,21,0.047619047619047616,,,0.3
C1,random,random,1,False,563,38,49,True,0,22,0.0,,,0.3
C1,random,random,2,False,465,40,32,True,0,22,0.0,,,0.3
C1,random,random,3,False,442,42,57,True,2,20,0.1,,,0.3
C1,random,random,4,False,397,28,24,True,2,27,0.07407407407407407,,,0.3
C1,random,random,5,False,414,34,28,True,1,17,0.058823529411764705,,,0.3
C1,random,random,6,False,552,48,26,True,0,20,0.0,,,0.3
C1,random,random,7,False,494,35,34,True,4,29,0.13793103448275862,,,0.3
C1,random,random,8,False,637,56,28,True,1,25,0.04,,,0.3
C1,random,random,9,False,352,44,23,True,1,14,0.07142857142857142,,,0.3
C1,random,random,10,False,533,39,27,True,1,27,0.037037037037037035,,,0.3
C1,random,random,11,False,467,36,50,True,0,16,0.0,,,0.3
C1,random,random,12,False,489,35,25,True,0,20,0.0,,,0.3
C1,random,random,13,False,312,39,21,True,0,20,0.0,,,0.3
C1,random,random,14,False,728,50,30,True,2,19,0.10526315789473684,,,0.3
C1,random,random,15,False,605,56,27,True,1,25,0.04,,,0.3
C1,random,random,16,False,618,55,34,True,0,16,0.0,,,0.3
C1,random,random,17,False,411,39,23,True,0,16,0.0,,,0.3
C1,random,random,18,False,365,24,38,True,3,20,0.15,,,0.3
C1,random,random,19,False,518,35,40,True,1,27,0.037037037037037035,,,0.3
C1,random,random,20,False,394,45,60,False,1,13,0.07692307692307693,,,0.3
C1,random,random,21,False,529,37,30,True,0,18,0.0,,,0.3
C1,random,random,22,False,426,43,24,True,3,22,0.13636363636363635,,,0.3
C1,random,random,23,False,269,24,21,True,0,10,0.0,,,0.3
C1,random,random,24,False,539,54,43,True,2,21,0.09523809523809523,,,0.3
C1,random,random,25,False,285,22,28,True,0,16,0.0,,,0.3
C1,random,random,26,False,438,53,26,True,1,20,0.05,,,0.3
C1,random,random,27,False,560,57,25,True,0,10,0.0,,,0.3
C1,random,random,28,False,698,50,40,True,2,21,0.09523809523809523,,,0.3
C1,random,random,29,False,785,64,26,True,1,25,0.04,,,0.3
C2,random,fifo,0,False,609,75,24,True,0,21,0.0,,,0.3
C2,random,fifo,1,False,530,40,32,True,0,16,0.0,,,0.3
C2,random,fifo,2,False,544,49,24,True,0,23,0.0,,,0.3
C2,random,fifo,3,False,529,36,59,True,0,16,0.0,,,0.3
C2,random,fifo,4,False,420,33,37,True,1,22,0.045454545454545456,,,0.3
C2,random,fifo,5,False,543,42,27,True,0,11,0.0,,,0.3
C2,random,fifo,6,False,472,33,30,True,0,19,0.0,,,0.3
C2,random,fifo,7,False,413,38,28,True,2,16,0.125,,,0.3
C2,random,fifo,8,False,482,62,30,True,0,22,0.0,,,0.3
C2,random,fifo,9,False,337,43,25,True,0,9,0.0,,,0.3
C2,random,fifo,10,False,513,52,26,True,0,26,0.0,,,0.3
C2,random,fifo,11,False,417,42,23,True,0,17,0.0,,,0.3
C2,random,fifo,12,False,365,33,24,True,1,18,0.05555555555555555,,,0.3
C2,random,fifo,13,False,302,34,55,True,1,18,0.05555555555555555,,,0.3
C2,random,fifo,14,False,575,56,26,True,0,19,0.0,,,0.3
C2,random,fifo,15,False,635,56,26,True,3,26,0.11538461538461539,,,0.3
C2,random,fifo,16,False,698,65,34,True,0,15,0.0,,,0.3
C2,random,fifo,17,False,401,31,25,True,0,19,0.0,,,0.3
C2,random,fifo,18,False,339,34,52,True,0,17,0.0,,,0.3
C2,random,fifo,19,False,363,28,27,True,0,26,0.0,,,0.3
C2,random,fifo,20,False,663,42,59,True,0,13,0.0,,,0.3
C2,random,fifo,21,False,492,46,44,True,0,13,0.0,,,0.3
C2,random,fifo,22,False,441,34,25,True,0,13,0.0,,,0.3
C2,random,fifo,23,False,329,32,24,True,0,14,0.0,,,0.3
C2,random,fifo,24,False,363,31,22,True,1,25,0.04,,,0.3
C2,random,fifo,25,False,421,55,25,True,0,19,0.0,,,0.3
C2,random,fifo,26,False,414,42,24,True,1,19,0.05263157894736842,,,0.3
C2,random,fifo,27,False,448,48,31,True,0,11,0.0,,,0.3
C2,random,fifo,28,False,668,48,27,True,1,23,0.043478260869565216,,,0.3
C2,random,fifo,29,False,682,68,26,True,0,24,0.0,,,0.3
C3,random,impact_weighted,0,False,262,29,21,True,0,30,0.0,,,0.3
C3,random,impact_weighted,1,False,279,24,28,True,3,26,0.11538461538461539,,,0.3
C3,random,impact_weighted,2,False,164,18,20,True,0,26,0.0,,,0.3
C3,random,impact_weighted,3,False,334,29,20,True,2,23,0.08695652173913043,,,0.3
C3,random,impact_weighted,4,False,466,34,40,True,4,28,0.14285714285714285,,,0.3
C3,random,impact_weighted,5,False,277,27,22,True,0,19,0.0,,,0.3
C3,random,impact_weighted,6,False,150,14,22,True,2,24,0.08333333333333333,,,0.3
C3,random,impact_weighted,7,False,532,45,29,True,4,34,0.11764705882352941,,,0.3
C3,random,impact_weighted,8,False,190,13,24,True,2,32,0.0625,,,0.3
C3,random,impact_weighted,9,False,267,30,25,True,1,18,0.05555555555555555,,,0.3
C3,random,impact_weighted,10,False,432,34,30,True,0,31,0.0,,,0.3
C3,random,impact_weighted,11,False,322,32,24,True,2,28,0.07142857142857142,,,0.3
C3,random,impact_weighted,12,False,349,37,21,True,1,23,0.043478260869565216,,,0.3
C3,random,impact_weighted,13,False,275,27,21,True,2,25,0.08,,,0.3
C3,random,impact_weighted,14,False,373,41,36,True,2,28,0.07142857142857142,,,0.3
C3,random,impact_weighted,15,False,363,42,27,True,2,29,0.06896551724137931,,,0.3
C3,random,impact_weighted,16,False,325,33,21,True,1,23,0.043478260869565216,,,0.3
C3,random,impact_weighted,17,False,309,27,21,True,0,19,0.0,,,0.3
C3,random,impact_weighted,18,False,395,35,53,True,4,29,0.13793103448275862,,,0.3
C3,random,impact_weighted,19,False,176,11,36,True,2,37,0.05405405405405406,,,0.3
C3,random,impact_weighted,20,False,393,37,50,True,2,25,0.08,,,0.3
C3,random,impact_weighted,21,False,287,28,25,True,0,15,0.0,,,0.3
C3,random,impact_weighted,22,False,251,33,20,True,1,27,0.037037037037037035,,,0.3
C3,random,impact_weighted,23,False,291,28,24,True,1,22,0.045454545454545456,,,0.3
C3,random,impact_weighted,24,False,278,35,41,True,1,29,0.034482758620689655,,,0.3
C3,random,impact_weighted,25,False,242,30,50,True,1,27,0.037037037037037035,,,0.3
C3,random,impact_weighted,26,False,199,16,20,True,1,33,0.030303030303030304,,,0.3
C3,random,impact_weighted,27,False,181,19,21,True,2,25,0.08,,,0.3
C3,random,impact_weighted,28,False,344,35,21,True,0,23,0.0,,,0.3
C3,random,impact_weighted,29,False,470,45,34,True,1,27,0.037037037037037035,,,0.3
C4,centrality,random,0,False,1115,96,27,True,2,30,0.06666666666666667,,,0.3
C4,centrality,random,1,False,1132,77,51,True,1,25,0.04,,,0.3
C4,centrality,random,2,False,1042,75,33,True,0,27,0.0,,,0.3
C4,centrality,random,3,False,718,60,51,True,3,30,0.1,,,0.3
C4,centrality,random,4,False,888,60,27,True,1,31,0.03225806451612903,,,0.3
C4,centrality,random,5,False,978,70,27,True,0,26,0.0,,,0.3
C4,centrality,random,6,False,1150,91,28,True,2,27,0.07407407407407407,,,0.3
C4,centrality,random,7,False,973,62,58,True,3,35,0.08571428571428572,,,0.3
C4,centrality,random,8,False,1118,70,41,True,1,31,0.03225806451612903,,,0.3
C4,centrality,random,9,False,871,83,25,True,0,22,0.0,,,0.3
C4,centrality,random,10,False,1245,77,34,True,0,30,0.0,,,0.3
C4,centrality,random,11,False,846,68,23,True,0,20,0.0,,,0.3
C4,centrality,random,12,False,1054,76,27,True,1,30,0.03333333333333333,,,0.3
C4,centrality,random,13,False,974,90,42,True,0,18,0.0,,,0.3
C4,centrality,random,14,False,1070,81,30,True,2,24,0.08333333333333333,,,0.3
C4,centrality,random,15,False,1194,73,46,True,0,31,0.0,,,0.3
C4,centrality,random,16,False,1347,81,32,True,3,26,0.11538461538461539,,,0.3
C4,centrality,random,17,False,1073,77,25,True,0,26,0.0,,,0.3
C4,centrality,random,18,False,1109,67,52,True,2,30,0.06666666666666667,,,0.3
C4,centrality,random,19,False,891,87,37,True,1,20,0.05,,,0.3
C4,centrality,random,20,False,1423,89,29,True,1,20,0.05,,,0.3
C4,centrality,random,21,False,1474,98,30,True,1,22,0.045454545454545456,,,0.3
C4,centrality,random,22,False,1210,84,26,True,2,28,0.07142857142857142,,,0.3
C4,centrality,random,23,False,775,55,24,True,2,21,0.09523809523809523,,,0.3
C4,centrality,random,24,False,960,77,32,True,4,32,0.125,,,0.3
C4,centrality,random,25,False,921,81,28,True,1,27,0.037037037037037035,,,0.3
C4,centrality,random,26,False,1276,90,29,True,0,32,0.0,,,0.3
C4,centrality,random,27,False,945,89,45,True,1,23,0.043478260869565216,,,0.3
C4,centrality,random,28,False,1102,94,27,True,0,29,0.0,,,0.3
C4,centrality,random,29,False,1256,107,26,True,0,24,0.0,,,0.3
C5,centrality,fifo,0,False,1129,88,24,True,0,25,0.0,,,0.3
C5,centrality,fifo,1,False,921,61,26,True,2,22,0.09090909090909091,,,0.3
C5,centrality,fifo,2,False,1454,106,31,True,0,31,0.0,,,0.3
C5,centrality,fifo,3,False,1049,74,56,True,1,24,0.041666666666666664,,,0.3
C5,centrality,fifo,4,False,1120,95,29,True,0,22,0.0,,,0.3
C5,centrality,fifo,5,False,843,62,27,True,0,18,0.0,,,0.3
C5,centrality,fifo,6,False,1571,108,28,True,0,21,0.0,,,0.3
C5,centrality,fifo,7,False,1122,98,54,True,0,30,0.0,,,0.3
C5,centrality,fifo,8,False,1251,84,32,True,1,30,0.03333333333333333,,,0.3
C5,centrality,fifo,9,False,712,52,26,True,1,16,0.0625,,,0.3
C5,centrality,fifo,10,False,1391,106,60,False,0,31,0.0,,,0.3
C5,centrality,fifo,11,False,1304,98,30,True,0,22,0.0,,,0.3
C5,centrality,fifo,12,False,1105,69,31,True,0,24,0.0,,,0.3
C5,centrality,fifo,13,False,1170,89,27,True,0,19,0.0,,,0.3
C5,centrality,fifo,14,False,1357,77,33,True,0,24,0.0,,,0.3
C5,centrality,fifo,15,False,1671,140,59,True,0,30,0.0,,,0.3
C5,centrality,fifo,16,False,1397,92,27,True,1,22,0.045454545454545456,,,0.3
C5,centrality,fifo,17,False,1083,83,28,True,0,20,0.0,,,0.3
C5,centrality,fifo,18,False,1285,76,52,True,0,24,0.0,,,0.3
C5,centrality,fifo,19,False,947,79,33,True,0,19,0.0,,,0.3
C5,centrality,fifo,20,False,1934,149,29,True,1,27,0.037037037037037035,,,0.3
C5,centrality,fifo,21,False,1363,118,50,True,0,14,0.0,,,0.3
C5,centrality,fifo,22,False,911,54,35,True,0,19,0.0,,,0.3
C5,centrality,fifo,23,False,1159,109,28,True,0,15,0.0,,,0.3
C5,centrality,fifo,24,False,1145,64,41,True,1,28,0.03571428571428571,,,0.3
C5,centrality,fifo,25,False,1278,95,28,True,0,28,0.0,,,0.3
C5,centrality,fifo,26,False,1406,85,30,True,0,34,0.0,,,0.3
C5,centrality,fifo,27,False,1066,75,30,True,1,21,0.047619047619047616,,,0.3
C5,centrality,fifo,28,False,1572,147,29,True,1,25,0.04,,,0.3
C5,centrality,fifo,29,False,1715,135,45,True,0,26,0.0,,,0.3
C6,centrality,impact_weighted,0,False,544,63,58,True,1,49,0.02040816326530612,,,0.3
C6,centrality,impact_weighted,1,False,519,41,48,True,1,32,0.03125,,,0.3
C6,centrality,impact_weighted,2,False,538,50,30,True,0,43,0.0,,,0.3
C6,centrality,impact_weighted,3,False,758,50,51,True,1,40,0.025,,,0.3
C6,centrality,impact_weighted,4,False,554,39,24,True,1,46,0.021739130434782608,,,0.3
C6,centrality,impact_weighted,5,False,467,40,21,True,2,33,0.06060606060606061,,,0.3
C6,centrality,impact_weighted,6,False,449,42,21,True,2,33,0.06060606060606061,,,0.3
C6,centrality,impact_weighted,7,False,701,57,60,False,3,48,0.0625,,,0.3
C6,centrality,impact_weighted,8,False,600,52,41,True,1,42,0.023809523809523808,,,0.3
C6,centrality,impact_weighted,9,False,361,29,21,True,1,32,0.03125,,,0.3
C6,centrality,impact_weighted,10,False,589,46,58,True,1,49,0.02040816326530612,,,0.3
C6,centrality,impact_weighted,11,False,632,59,22,True,1,33,0.030303030303030304,,,0.3
C6,centrality,impact_weighted,12,False,609,42,27,True,2,39,0.05128205128205128,,,0.3
C6,centrality,impact_weighted,13,False,603,44,55,True,3,38,0.07894736842105263,,,0.3
C6,centrality,impact_weighted,14,False,588,46,33,True,3,43,0.06976744186046512,,,0.3
C6,centrality,impact_weighted,15,False,421,29,23,True,2,50,0.04,,,0.3
C6,centrality,impact_weighted,16,False,650,68,23,True,2,38,0.05263157894736842,,,0.3
C6,centrality,impact_weighted,17,False,508,46,22,True,1,40,0.025,,,0.3
C6,centrality,impact_weighted,18,False,444,38,52,True,3,43,0.06976744186046512,,,0.3
C6,centrality,impact_weighted,19,False,404,39,37,True,4,38,0.10526315789473684,,,0.3
C6,centrality,impact_weighted,20,False,618,44,22,True,4,39,0.10256410256410256,,,0.3
C6,centrality,impact_weighted,21,False,709,52,44,True,0,39,0.0,,,0.3
C6,centrality,impact_weighted,22,False,551,40,29,True,3,43,0.06976744186046512,,,0.3
C6,centrality,impact_weighted,23,False,586,55,22,True,1,38,0.02631578947368421,,,0.3
C6,centrality,impact_weighted,24,False,448,45,22,True,3,42,0.07142857142857142,,,0.3
C6,centrality,impact_weighted,25,False,614,58,26,True,2,37,0.05405405405405406,,,0.3
C6,centrality,impact_weighted,26,False,554,46,26,True,7,48,0.14583333333333334,,,0.3
C6,centrality,impact_weighted,27,False,794,62,39,True,2,39,0.05128205128205128,,,0.3
C6,centrality,impact_weighted,28,False,603,46,27,True,2,41,0.04878048780487805,,,0.3
C6,centrality,impact_weighted,29,False,513,57,22,True,2,42,0.047619047619047616,,,0.3
C1,random,random,0,False,634,52,59,True,0,26,0.0,,,0.5
C1,random,random,1,False,328,31,49,True,0,21,0.0,,,0.5
C1,random,random,2,False,428,44,24,True,0,33,0.0,,,0.5
C1,random,random,3,False,388,42,51,True,2,26,0.07692307692307693,,,0.5
C1,random,random,4,False,364,22,37,True,0,26,0.0,,,0.5
C1,random,random,5,False,311,29,22,True,0,18,0.0,,,0.5
C1,random,random,6,False,566,48,27,True,1,27,0.037037037037037035,,,0.5
C1,random,random,7,False,431,31,59,True,0,30,0.0,,,0.5
C1,random,random,8,False,535,64,41,True,1,39,0.02564102564102564,,,0.5
C1,random,random,9,False,271,22,21,True,1,32,0.03125,,,0.5
C1,random,random,10,False,591,38,38,True,0,36,0.0,,,0.5
C1,random,random,11,False,327,30,23,True,0,19,0.0,,,0.5
C1,random,random,12,False,572,51,58,True,1,33,0.030303030303030304,,,0.5
C1,random,random,13,False,312,39,21,True,0,27,0.0,,,0.5
C1,random,random,14,False,694,50,27,True,2,32,0.0625,,,0.5
C1,random,random,15,False,534,33,48,True,2,36,0.05555555555555555,,,0.5
C1,random,random,16,False,537,55,30,True,1,21,0.047619047619047616,,,0.5
C1,random,random,17,False,492,48,32,True,0,31,0.0,,,0.5
C1,random,random,18,False,427,35,52,True,2,27,0.07407407407407407,,,0.5
C1,random,random,19,False,518,35,40,True,0,31,0.0,,,0.5
C1,random,random,20,False,549,47,23,True,0,27,0.0,,,0.5
C1,random,random,21,False,529,37,30,True,0,21,0.0,,,0.5
C1,random,random,22,False,233,26,21,True,0,22,0.0,,,0.5
C1,random,random,23,False,269,24,21,True,0,25,0.0,,,0.5
C1,random,random,24,False,470,49,25,True,3,37,0.08108108108108109,,,0.5
C1,random,random,25,False,395,28,58,True,0,21,0.0,,,0.5
C1,random,random,26,False,458,47,43,True,1,24,0.041666666666666664,,,0.5
C1,random,random,27,False,560,57,25,True,0,18,0.0,,,0.5
C1,random,random,28,False,653,55,44,True,1,27,0.037037037037037035,,,0.5
C1,random,random,29,False,446,29,32,True,1,31,0.03225806451612903,,,0.5
C2,random,fifo,0,False,423,29,58,True,0,26,0.0,,,0.5
C2,random,fifo,1,False,568,46,51,True,0,21,0.0,,,0.5
C2,random,fifo,2,False,448,31,34,True,1,34,0.029411764705882353,,,0.5
C2,random,fifo,3,False,529,36,59,True,0,24,0.0,,,0.5
C2,random,fifo,4,False,400,36,23,True,0,37,0.0,,,0.5
C2,random,fifo,5,False,457,33,30,True,1,27,0.037037037037037035,,,0.5
C2,random,fifo,6,False,472,33,30,True,0,28,0.0,,,0.5
C2,random,fifo,7,False,369,44,58,True,1,32,0.03125,,,0.5
C2,random,fifo,8,False,554,44,27,True,0,40,0.0,,,0.5
C2,random,fifo,9,False,359,44,25,True,0,29,0.0,,,0.5
C2,random,fifo,10,False,513,52,26,True,0,36,0.0,,,0.5
C2,random,fifo,11,False,416,38,25,True,1,25,0.04,,,0.5
C2,random,fifo,12,False,365,33,24,True,1,34,0.029411764705882353,,,0.5
C2,random,fifo,13,False,367,34,23,True,1,31,0.03225806451612903,,,0.5
C2,random,fifo,14,False,611,58,30,True,0,34,0.0,,,0.5
C2,random,fifo,15,False,407,35,23,True,1,36,0.027777777777777776,,,0.5
C2,random,fifo,16,False,623,65,54,True,1,25,0.04,,,0.5
C2,random,fifo,17,False,362,31,22,True,0,31,0.0,,,0.5
C2,random,fifo,18,False,515,35,59,True,0,30,0.0,,,0.5
C2,random,fifo,19,False,527,38,33,True,0,31,0.0,,,0.5
C2,random,fifo,20,False,777,63,59,True,0,29,0.0,,,0.5
C2,random,fifo,21,False,362,29,26,True,0,25,0.0,,,0.5
C2,random,fifo,22,False,390,34,22,True,0,22,0.0,,,0.5
C2,random,fifo,23,False,330,28,27,True,0,32,0.0,,,0.5
C2,random,fifo,24,False,432,45,41,True,2,40,0.05,,,0.5
C2,random,fifo,25,False,499,36,52,True,0,29,0.0,,,0.5
C2,random,fifo,26,False,444,42,28,True,1,27,0.037037037037037035,,,0.5
C2,random,fifo,27,False,432,48,23,True,0,19,0.0,,,0.5
C2,random,fifo,28,False,798,66,53,True,1,35,0.02857142857142857,,,0.5
C2,random,fifo,29,False,531,48,26,True,0,35,0.0,,,0.5
C3,random,impact_weighted,0,False,370,46,58,True,1,32,0.03125,,,0.5
C3,random,impact_weighted,1,False,243,24,48,True,1,29,0.034482758620689655,,,0.5
C3,random,impact_weighted,2,False,263,21,24,True,0,38,0.0,,,0.5
C3,random,impact_weighted,3,False,338,24,51,True,3,29,0.10344827586206896,,,0.5
C3,random,impact_weighted,4,False,185,18,21,True,1,37,0.02702702702702703,,,0.5
C3,random,impact_weighted,5,False,290,26,21,True,0,23,0.0,,,0.5
C3,random,impact_weighted,6,False,137,14,20,True,1,29,0.034482758620689655,,,0.5
C3,random,impact_weighted,7,False,380,41,57,True,2,39,0.05128205128205128,,,0.5
C3,random,impact_weighted,8,False,312,56,24,True,0,40,0.0,,,0.5
C3,random,impact_weighted,9,False,303,36,23,True,1,34,0.029411764705882353,,,0.5
C3,random,impact_weighted,10,False,368,29,23,True,0,35,0.0,,,0.5
C3,random,impact_weighted,11,False,298,32,21,True,1,30,0.03333333333333333,,,0.5
C3,random,impact_weighted,12,False,332,44,58,True,0,39,0.0,,,0.5
C3,random,impact_weighted,13,False,309,31,41,True,0,30,0.0,,,0.5
C3,random,impact_weighted,14,False,282,44,23,True,1,39,0.02564102564102564,,,0.5
C3,random,impact_weighted,15,False,215,16,22,True,1,43,0.023255813953488372,,,0.5
C3,random,impact_weighted,16,False,347,33,27,True,1,34,0.029411764705882353,,,0.5
C3,random,impact_weighted,17,False,307,24,22,True,1,33,0.030303030303030304,,,0.5
C3,random,impact_weighted,18,False,351,41,52,True,3,33,0.09090909090909091,,,0.5
C3,random,impact_weighted,19,False,151,11,21,True,1,38,0.02631578947368421,,,0.5
C3,random,impact_weighted,20,False,357,37,25,True,0,32,0.0,,,0.5
C3,random,impact_weighted,21,False,316,28,44,True,0,29,0.0,,,0.5
C3,random,impact_weighted,22,False,274,33,20,True,2,31,0.06451612903225806,,,0.5
C3,random,impact_weighted,23,False,255,27,22,True,0,32,0.0,,,0.5
C3,random,impact_weighted,24,False,290,32,29,True,5,45,0.1111111111111111,,,0.5
C3,random,impact_weighted,25,False,237,22,20,True,0,28,0.0,,,0.5
C3,random,impact_weighted,26,False,225,15,27,True,2,38,0.05263157894736842,,,0.5
C3,random,impact_weighted,27,False,171,18,22,True,0,28,0.0,,,0.5
C3,random,impact_weighted,28,False,331,34,21,True,3,39,0.07692307692307693,,,0.5
C3,random,impact_weighted,29,False,320,37,23,True,2,39,0.05128205128205128,,,0.5
C4,centrality,random,0,False,1146,73,30,True,1,29,0.034482758620689655,,,0.5
C4,centrality,random,1,False,1139,93,50,True,1,26,0.038461538461538464,,,0.5
C4,centrality,random,2,False,1032,71,28,True,0,36,0.0,,,0.5
C4,centrality,random,3,False,750,55,51,True,2,34,0.058823529411764705,,,0.5
C4,centrality,random,4,False,999,76,25,True,0,39,0.0,,,0.5
C4,centrality,random,5,False,800,69,25,True,2,28,0.07142857142857142,,,0.5
C4,centrality,random,6,False,911,61,31,True,0,28,0.0,,,0.5
C4,centrality,random,7,False,995,84,22,True,2,42,0.047619047619047616,,,0.5
C4,centrality,random,8,False,1212,109,46,True,1,45,0.022222222222222223,,,0.5
C4,centrality,random,9,False,1036,79,26,True,1,35,0.02857142857142857,,,0.5
C4,centrality,random,10,False,949,61,58,True,1,39,0.02564102564102564,,,0.5
C4,centrality,random,11,False,957,66,49,True,0,26,0.0,,,0.5
C4,centrality,random,12,False,1085,76,27,True,1,38,0.02631578947368421,,,0.5
C4,centrality,random,13,False,968,77,24,True,1,29,0.034482758620689655,,,0.5
C4,centrality,random,14,False,1242,84,36,True,1,40,0.025,,,0.5
C4,centrality,random,15,False,1320,74,48,True,1,40,0.025,,,0.5
C4,centrality,random,16,False,1438,84,30,True,1,34,0.029411764705882353,,,0.5
C4,centrality,random,17,False,832,59,27,True,0,36,0.0,,,0.5
C4,centrality,random,18,False,1080,74,52,True,2,33,0.06060606060606061,,,0.5
C4,centrality,random,19,False,891,87,37,True,1,23,0.043478260869565216,,,0.5
C4,centrality,random,20,False,1553,112,50,True,0,32,0.0,,,0.5
C4,centrality,random,21,False,1474,98,30,True,1,25,0.04,,,0.5
C4,centrality,random,22,False,938,76,27,True,1,29,0.034482758620689655,,,0.5
C4,centrality,random,23,False,834,51,31,True,0,31,0.0,,,0.5
C4,centrality,random,24,False,843,56,41,True,2,41,0.04878048780487805,,,0.5
C4,centrality,random,25,False,1304,104,28,True,0,34,0.0,,,0.5
C4,centrality,random,26,False,1232,85,26,True,0,32,0.0,,,0.5
C4,centrality,random,27,False,889,82,43,True,1,29,0.034482758620689655,,,0.5
C4,centrality,random,28,False,1095,95,27,True,1,33,0.030303030303030304,,,0.5
C4,centrality,random,29,False,1121,81,30,True,0,35,0.0,,,0.5
C5,centrality,fifo,0,False,1430,93,33,True,0,27,0.0,,,0.5
C5,centrality,fifo,1,False,921,61,26,True,2,27,0.07407407407407407,,,0.5
C5,centrality,fifo,2,False,1267,93,29,True,1,41,0.024390243902439025,,,0.5
C5,centrality,fifo,3,False,1417,92,53,True,1,32,0.03125,,,0.5
C5,centrality,fifo,4,False,1140,86,34,True,0,39,0.0,,,0.5
C5,centrality,fifo,5,False,908,59,28,True,0,28,0.0,,,0.5
C5,centrality,fifo,6,False,1478,129,24,True,0,28,0.0,,,0.5
C5,centrality,fifo,7,False,1115,69,28,True,0,37,0.0,,,0.5
C5,centrality,fifo,8,False,1250,92,45,True,0,42,0.0,,,0.5
C5,centrality,fifo,9,False,991,63,31,True,0,33,0.0,,,0.5
C5,centrality,fifo,10,False,1373,109,60,False,0,40,0.0,,,0.5
C5,centrality,fifo,11,False,1135,75,39,True,0,25,0.0,,,0.5
C5,centrality,fifo,12,False,1335,94,30,True,0,38,0.0,,,0.5
C5,centrality,fifo,13,False,1243,94,27,True,0,30,0.0,,,0.5
C5,centrality,fifo,14,False,1514,95,34,True,0,38,0.0,,,0.5
C5,centrality,fifo,15,False,1328,94,58,True,0,39,0.0,,,0.5
C5,centrality,fifo,16,False,1276,92,37,True,1,33,0.030303030303030304,,,0.5
C5,centrality,fifo,17,False,867,59,42,True,0,34,0.0,,,0.5
C5,centrality,fifo,18,False,1135,70,32,True,0,33,0.0,,,0.5
C5,centrality,fifo,19,False,947,79,33,True,0,24,0.0,,,0.5
C5,centrality,fifo,20,False,1362,72,31,True,0,35,0.0,,,0.5
C5,centrality,fifo,21,False,1466,118,30,True,0,25,0.0,,,0.5
C5,centrality,fifo,22,False,911,54,35,True,0,26,0.0,,,0.5
C5,centrality,fifo,23,False,1249,84,33,True,0,34,0.0,,,0.5
C5,centrality,fifo,24,False,1206,77,30,True,2,44,0.045454545454545456,,,0.5
C5,centrality,fifo,25,False,1268,95,53,True,0,35,0.0,,,0.5
C5,centrality,fifo,26,False,1234,76,31,True,0,38,0.0,,,0.5
C5,centrality,fifo,27,False,1053,77,26,True,0,29,0.0,,,0.5
C5,centrality,fifo,28,False,1242,103,50,True,0,38,0.0,,,0.5
C5,centrality,fifo,29,False,1392,99,29,True,0,36,0.0,,,0.5
C6,centrality,impact_weighted,0,False,379,37,20,True,1,48,0.020833333333333332,,,0.5
C6,centrality,impact_weighted,1,False,443,32,48,True,3,36,0.08333333333333333,,,0.5
C6,centrality,impact_weighted,2,False,374,42,20,True,2,47,0.0425531914893617,,,0.5
C6,centrality,impact_weighted,3,False,365,27,57,True,2,41,0.04878048780487805,,,0.5
C6,centrality,impact_weighted,4,False,362,29,20,True,0,47,0.0,,,0.5
C6,centrality,impact_weighted,5,False,442,41,22,True,0,38,0.0,,,0.5
C6,centrality,impact_weighted,6,False,436,47,21,True,0,37,0.0,,,0.5
C6,centrality,impact_weighted,7,False,606,44,24,True,0,46,0.0,,,0.5
C6,centrality,impact_weighted,8,False,515,59,22,True,4,52,0.07692307692307693,,,0.5
C6,centrality,impact_weighted,9,False,389,36,25,True,1,44,0.022727272727272728,,,0.5
C6,centrality,impact_weighted,10,False,593,59,21,True,0,49,0.0,,,0.5
C6,centrality,impact_weighted,11,False,425,44,37,True,3,40,0.075,,,0.5
C6,centrality,impact_weighted,12,False,537,50,23,True,0,43,0.0,,,0.5
C6,centrality,impact_weighted,13,False,547,44,55,True,1,43,0.023255813953488372,,,0.5
C6,centrality,impact_weighted,14,False,463,37,25,True,1,46,0.021739130434782608,,,0.5
C6,centrality,impact_weighted,15,False,597,47,24,True,2,50,0.04,,,0.5
C6,centrality,impact_weighted,16,False,641,67,34,True,2,43,0.046511627906976744,,,0.5
C6,centrality,impact_weighted,17,False,503,54,27,True,0,46,0.0,,,0.5
C6,centrality,impact_weighted,18,False,457,37,52,True,2,50,0.04,,,0.5
C6,centrality,impact_weighted,19,False,478,45,36,True,3,40,0.075,,,0.5
C6,centrality,impact_weighted,20,False,488,51,22,True,2,52,0.038461538461538464,,,0.5
C6,centrality,impact_weighted,21,False,420,33,25,True,1,41,0.024390243902439025,,,0.5
C6,centrality,impact_weighted,22,False,507,61,60,False,4,42,0.09523809523809523,,,0.5
C6,centrality,impact_weighted,23,False,426,39,21,True,2,47,0.0425531914893617,,,0.5
C6,centrality,impact_weighted,24,False,405,51,41,True,3,50,0.06,,,0.5
C6,centrality,impact_weighted,25,False,373,36,21,True,1,46,0.021739130434782608,,,0.5
C6,centrality,impact_weighted,26,False,597,46,60,False,4,51,0.0784313725490196,,,0.5
C6,centrality,impact_weighted,27,False,587,55,38,True,2,45,0.044444444444444446,,,0.5
C6,centrality,impact_weighted,28,False,678,52,24,True,3,55,0.05454545454545454,,,0.5
C6,centrality,impact_weighted,29,False,521,79,20,True,1,46,0.021739130434782608,,,0.5
C1,random,random,0,False,442,36,58,True,0,45,0.0,,,0.7
C1,random,random,1,False,323,32,48,True,1,39,0.02564102564102564,,,0.7
C1,random,random,2,False,531,50,27,True,0,39,0.0,,,0.7
C1,random,random,3,False,368,39,21,True,1,36,0.027777777777777776,,,0.7
C1,random,random,4,False,424,32,27,True,0,44,0.0,,,0.7
C1,random,random,5,False,427,34,28,True,0,35,0.0,,,0.7
C1,random,random,6,False,534,48,24,True,1,40,0.025,,,0.7
C1,random,random,7,False,408,52,23,True,0,41,0.0,,,0.7
C1,random,random,8,False,536,63,57,True,1,42,0.023809523809523808,,,0.7
C1,random,random,9,False,271,22,21,True,0,34,0.0,,,0.7
C1,random,random,10,False,553,34,58,True,0,43,0.0,,,0.7
C1,random,random,11,False,327,30,23,True,0,34,0.0,,,0.7
C1,random,random,12,False,509,56,24,True,2,41,0.04878048780487805,,,0.7
C1,random,random,13,False,372,36,42,True,1,33,0.030303030303030304,,,0.7
C1,random,random,14,False,772,79,38,True,0,39,0.0,,,0.7
C1,random,random,15,False,645,57,24,True,1,47,0.02127659574468085,,,0.7
C1,random,random,16,False,472,56,27,True,1,35,0.02857142857142857,,,0.7
C1,random,random,17,False,428,48,39,True,0,40,0.0,,,0.7
C1,random,random,18,False,373,46,52,True,1,37,0.02702702702702703,,,0.7
C1,random,random,19,False,376,28,31,True,0,31,0.0,,,0.7
C1,random,random,20,False,549,47,23,True,0,36,0.0,,,0.7
C1,random,random,21,False,681,53,45,True,0,29,0.0,,,0.7
C1,random,random,22,False,446,47,23,True,0,29,0.0,,,0.7
C1,random,random,23,False,320,42,21,True,0,39,0.0,,,0.7
C1,random,random,24,False,350,32,41,True,1,41,0.024390243902439025,,,0.7
C1,random,random,25,False,448,64,47,True,0,31,0.0,,,0.7
C1,random,random,26,False,493,44,25,True,1,41,0.024390243902439025,,,0.7
C1,random,random,27,False,465,43,23,True,0,33,0.0,,,0.7
C1,random,random,28,False,564,60,33,True,0,38,0.0,,,0.7
C1,random,random,29,False,582,55,23,True,1,43,0.023255813953488372,,,0.7
C2,random,fifo,0,False,702,54,50,True,0,53,0.0,,,0.7
C2,random,fifo,1,False,418,34,29,True,0,36,0.0,,,0.7
C2,random,fifo,2,False,448,31,34,True,1,44,0.022727272727272728,,,0.7
C2,random,fifo,3,False,531,40,56,True,0,42,0.0,,,0.7
C2,random,fifo,4,False,414,40,36,True,0,52,0.0,,,0.7
C2,random,fifo,5,False,372,28,25,True,0,37,0.0,,,0.7
C2,random,fifo,6,False,426,34,25,True,0,44,0.0,,,0.7
C2,random,fifo,7,False,501,48,60,False,0,51,0.0,,,0.7
C2,random,fifo,8,False,554,44,27,True,0,44,0.0,,,0.7
C2,random,fifo,9,False,367,44,21,True,0,34,0.0,,,0.7
C2,random,fifo,10,False,472,46,58,True,0,44,0.0,,,0.7
C2,random,fifo,11,False,533,57,23,True,1,40,0.025,,,0.7
C2,random,fifo,12,False,416,34,26,True,1,42,0.023809523809523808,,,0.7
C2,random,fifo,13,False,465,50,30,True,1,38,0.02631578947368421,,,0.7
C2,random,fifo,14,False,611,58,30,True,0,44,0.0,,,0.7
C2,random,fifo,15,False,392,42,33,True,0,50,0.0,,,0.7
C2,random,fifo,16,False,698,65,29,True,0,41,0.0,,,0.7
C2,random,fifo,17,False,469,42,30,True,0,48,0.0,,,0.7
C2,random,fifo,18,False,462,34,29,True,0,48,0.0,,,0.7
C2,random,fifo,19,False,369,23,31,True,0,39,0.0,,,0.7
C2,random,fifo,20,False,804,63,60,False,0,39,0.0,,,0.7
C2,random,fifo,21,False,666,50,31,True,0,39,0.0,,,0.7
C2,random,fifo,22,False,371,32,60,False,0,32,0.0,,,0.7
C2,random,fifo,23,False,336,29,28,True,0,43,0.0,,,0.7
C2,random,fifo,24,False,432,45,41,True,2,46,0.043478260869565216,,,0.7
C2,random,fifo,25,False,454,36,26,True,0,38,0.0,,,0.7
C2,random,fifo,26,False,595,49,51,True,0,46,0.0,,,0.7
C2,random,fifo,27,False,459,47,23,True,1,40,0.025,,,0.7
C2,random,fifo,28,False,774,66,33,True,2,45,0.044444444444444446,,,0.7
C2,random,fifo,29,False,688,62,26,True,0,46,0.0,,,0.7
C3,random,impact_weighted,0,False,182,20,25,True,0,50,0.0,,,0.7
C3,random,impact_weighted,1,False,277,30,23,True,0,35,0.0,,,0.7
C3,random,impact_weighted,2,False,270,28,20,True,0,43,0.0,,,0.7
C3,random,impact_weighted,3,False,219,20,51,True,0,43,0.0,,,0.7
C3,random,impact_weighted,4,False,118,11,20,True,1,49,0.02040816326530612,,,0.7
C3,random,impact_weighted,5,False,294,39,21,True,0,38,0.0,,,0.7
C3,random,impact_weighted,6,False,190,37,45,True,3,44,0.06818181818181818,,,0.7
C3,random,impact_weighted,7,False,168,17,52,True,0,51,0.0,,,0.7
C3,random,impact_weighted,8,False,125,14,41,True,1,41,0.024390243902439025,,,0.7
C3,random,impact_weighted,9,False,236,25,21,True,0,34,0.0,,,0.7
C3,random,impact_weighted,10,False,366,34,22,True,1,44,0.022727272727272728,,,0.7
C3,random,impact_weighted,11,False,296,32,22,True,1,41,0.024390243902439025,,,0.7
C3,random,impact_weighted,12,False,344,32,24,True,0,47,0.0,,,0.7
C3,random,impact_weighted,13,False,296,26,23,True,0,39,0.0,,,0.7
C3,random,impact_weighted,14,False,140,13,21,True,1,45,0.022222222222222223,,,0.7
C3,random,impact_weighted,15,False,306,25,27,True,0,51,0.0,,,0.7
C3,random,impact_weighted,16,False,299,29,27,True,1,44,0.022727272727272728,,,0.7
C3,random,impact_weighted,17,False,268,23,21,True,1,48,0.020833333333333332,,,0.7
C3,random,impact_weighted,18,False,347,42,52,True,2,47,0.0425531914893617,,,0.7
C3,random,impact_weighted,19,False,233,25,22,True,0,41,0.0,,,0.7
C3,random,impact_weighted,20,False,199,21,23,True,0,46,0.0,,,0.7
C3,random,impact_weighted,21,False,190,29,20,True,0,38,0.0,,,0.7
C3,random,impact_weighted,22,False,247,40,21,True,1,35,0.02857142857142857,,,0.7
C3,random,impact_weighted,23,False,246,27,23,True,1,38,0.02631578947368421,,,0.7
C3,random,impact_weighted,24,False,240,32,24,True,2,48,0.041666666666666664,,,0.7
C3,random,impact_weighted,25,False,324,37,24,True,0,39,0.0,,,0.7
C3,random,impact_weighted,26,False,169,14,20,True,1,45,0.022222222222222223,,,0.7
C3,random,impact_weighted,27,False,162,24,20,True,0,36,0.0,,,0.7
C3,random,impact_weighted,28,False,411,34,30,True,1,42,0.023809523809523808,,,0.7
C3,random,impact_weighted,29,False,427,34,35,True,1,45,0.022222222222222223,,,0.7
C4,centrality,random,0,False,1172,83,58,True,0,46,0.0,,,0.7
C4,centrality,random,1,False,1194,96,48,True,1,41,0.024390243902439025,,,0.7
C4,centrality,random,2,False,1085,110,30,True,1,42,0.023809523809523808,,,0.7
C4,centrality,random,3,False,847,67,57,True,1,45,0.022222222222222223,,,0.7
C4,centrality,random,4,False,1159,79,37,True,0,45,0.0,,,0.7
C4,centrality,random,5,False,824,64,25,True,0,41,0.0,,,0.7
C4,centrality,random,6,False,1006,112,29,True,1,43,0.023255813953488372,,,0.7
C4,centrality,random,7,False,1259,90,29,True,0,54,0.0,,,0.7
C4,centrality,random,8,False,939,64,29,True,0,41,0.0,,,0.7
C4,centrality,random,9,False,892,84,28,True,0,39,0.0,,,0.7
C4,centrality,random,10,False,1125,74,58,True,0,45,0.0,,,0.7
C4,centrality,random,11,False,923,70,32,True,0,38,0.0,,,0.7
C4,centrality,random,12,False,1000,75,27,True,1,45,0.022222222222222223,,,0.7
C4,centrality,random,13,False,1127,94,26,True,1,38,0.02631578947368421,,,0.7
C4,centrality,random,14,False,1311,98,32,True,2,46,0.043478260869565216,,,0.7
C4,centrality,random,15,False,1122,85,32,True,0,50,0.0,,,0.7
C4,centrality,random,16,False,1445,107,25,True,0,42,0.0,,,0.7
C4,centrality,random,17,False,832,59,27,True,0,45,0.0,,,0.7
C4,centrality,random,18,False,1014,67,52,True,1,44,0.022727272727272728,,,0.7
C4,centrality,random,19,False,1035,83,27,True,1,34,0.029411764705882353,,,0.7
C4,centrality,random,20,False,1374,93,28,True,0,39,0.0,,,0.7
C4,centrality,random,21,False,1269,80,27,True,1,30,0.03333333333333333,,,0.7
C4,centrality,random,22,False,1082,103,28,True,1,38,0.02631578947368421,,,0.7
C4,centrality,random,23,False,948,81,35,True,1,42,0.023809523809523808,,,0.7
C4,centrality,random,24,False,950,75,42,True,3,48,0.0625,,,0.7
C4,centrality,random,25,False,832,73,27,True,0,36,0.0,,,0.7
C4,centrality,random,26,False,1288,99,26,True,0,44,0.0,,,0.7
C4,centrality,random,27,False,945,66,24,True,1,39,0.02564102564102564,,,0.7
C4,centrality,random,28,False,1058,76,31,True,1,39,0.02564102564102564,,,0.7
C4,centrality,random,29,False,1138,90,29,True,1,47,0.02127659574468085,,,0.7
C5,centrality,fifo,0,False,1200,90,58,True,0,54,0.0,,,0.7
C5,centrality,fifo,1,False,1052,82,49,True,0,42,0.0,,,0.7
C5,centrality,fifo,2,False,1219,88,26,True,1,47,0.02127659574468085,,,0.7
C5,centrality,fifo,3,False,1279,82,53,True,1,47,0.02127659574468085,,,0.7
C5,centrality,fifo,4,False,1125,85,37,True,0,52,0.0,,,0.7
C5,centrality,fifo,5,False,789,57,25,True,0,40,0.0,,,0.7
C5,centrality,fifo,6,False,1202,93,33,True,0,43,0.0,,,0.7
C5,centrality,fifo,7,False,1360,79,40,True,1,55,0.01818181818181818,,,0.7
C5,centrality,fifo,8,False,909,69,26,True,0,47,0.0,,,0.7
C5,centrality,fifo,9,False,991,63,31,True,0,38,0.0,,,0.7
C5,centrality,fifo,10,False,1307,104,35,True,1,48,0.020833333333333332,,,0.7
C5,centrality,fifo,11,False,1118,86,55,True,0,39,0.0,,,0.7
C5,centrality,fifo,12,False,1180,92,29,True,1,46,0.021739130434782608,,,0.7
C5,centrality,fifo,13,False,1207,88,47,True,0,38,0.0,,,0.7
C5,centrality,fifo,14,False,1369,87,34,True,1,46,0.021739130434782608,,,0.7
C5,centrality,fifo,15,False,1442,103,48,True,0,54,0.0,,,0.7
C5,centrality,fifo,16,False,1263,70,27,True,0,46,0.0,,,0.7
C5,centrality,fifo,17,False,1033,77,31,True,0,51,0.0,,,0.7
C5,centrality,fifo,18,False,1146,91,52,True,0,47,0.0,,,0.7
C5,centrality,fifo,19,False,1276,119,33,True,0,38,0.0,,,0.7
C5,centrality,fifo,20,False,1536,92,31,True,0,43,0.0,,,0.7
C5,centrality,fifo,21,False,1357,70,48,True,0,42,0.0,,,0.7
C5,centrality,fifo,22,False,1328,103,32,True,0,38,0.0,,,0.7
C5,centrality,fifo,23,False,1344,121,32,True,1,45,0.022222222222222223,,,0.7
C5,centrality,fifo,24,False,1176,69,43,True,1,47,0.02127659574468085,,,0.7
C5,centrality,fifo,25,False,1358,96,37,True,0,43,0.0,,,0.7
C5,centrality,fifo,26,False,1308,109,29,True,1,54,0.018518518518518517,,,0.7
C5,centrality,fifo,27,False,992,63,38,True,0,43,0.0,,,0.7
C5,centrality,fifo,28,False,1246,109,28,True,0,44,0.0,,,0.7
C5,centrality,fifo,29,False,1158,97,28,True,0,47,0.0,,,0.7
C6,centrality,impact_weighted,0,False,344,30,21,True,2,56,0.03571428571428571,,,0.7
C6,centrality,impact_weighted,1,False,354,26,24,True,1,49,0.02040816326530612,,,0.7
C6,centrality,impact_weighted,2,False,435,43,20,True,2,56,0.03571428571428571,,,0.7
C6,centrality,impact_weighted,3,False,382,39,51,True,2,51,0.0392156862745098,,,0.7
C6,centrality,impact_weighted,4,False,385,35,37,True,0,55,0.0,,,0.7
C6,centrality,impact_weighted,5,False,319,22,21,True,0,48,0.0,,,0.7
C6,centrality,impact_weighted,6,False,369,29,21,True,2,47,0.0425531914893617,,,0.7
C6,centrality,impact_weighted,7,False,506,36,33,True,0,60,0.0,,,0.7
C6,centrality,impact_weighted,8,False,514,59,22,True,3,53,0.05660377358490566,,,0.7
C6,centrality,impact_weighted,9,False,421,36,28,True,0,45,0.0,,,0.7
C6,centrality,impact_weighted,10,False,611,54,46,True,0,51,0.0,,,0.7
C6,centrality,impact_weighted,11,False,354,44,21,True,2,49,0.04081632653061224,,,0.7
C6,centrality,impact_weighted,12,False,392,30,21,True,0,51,0.0,,,0.7
C6,centrality,impact_weighted,13,False,468,44,21,True,0,46,0.0,,,0.7
C6,centrality,impact_weighted,14,False,600,60,22,True,1,53,0.018867924528301886,,,0.7
C6,centrality,impact_weighted,15,False,559,38,21,True,0,58,0.0,,,0.7
C6,centrality,impact_weighted,16,False,537,62,20,True,0,53,0.0,,,0.7
C6,centrality,impact_weighted,17,False,319,28,22,True,1,55,0.01818181818181818,,,0.7
C6,centrality,impact_weighted,18,False,547,46,55,True,2,56,0.03571428571428571,,,0.7
C6,centrality,impact_weighted,19,False,347,25,23,True,0,39,0.0,,,0.7
C6,centrality,impact_weighted,20,False,487,47,21,True,2,51,0.0392156862745098,,,0.7
C6,centrality,impact_weighted,21,False,365,26,25,True,1,49,0.02040816326530612,,,0.7
C6,centrality,impact_weighted,22,False,430,44,21,True,2,43,0.046511627906976744,,,0.7
C6,centrality,impact_weighted,23,False,347,27,24,True,0,47,0.0,,,0.7
C6,centrality,impact_weighted,24,False,331,22,41,True,5,57,0.08771929824561403,,,0.7
C6,centrality,impact_weighted,25,False,326,29,21,True,1,43,0.023255813953488372,,,0.7
C6,centrality,impact_weighted,26,False,513,46,21,True,0,59,0.0,,,0.7
C6,centrality,impact_weighted,27,False,454,49,21,True,2,49,0.04081632653061224,,,0.7
C6,centrality,impact_weighted,28,False,625,67,29,True,2,52,0.038461538461538464,,,0.7
C6,centrality,impact_weighted,29,False,626,64,24,True,2,53,0.03773584905660377,,,0.7
C1,random,random,0,False,502,48,39,True,0,47,0.0,,,0.9
C1,random,random,1,False,481,46,48,True,0,43,0.0,,,0.9
C1,random,random,2,False,450,52,22,True,0,52,0.0,,,0.9
C1,random,random,3,False,520,39,51,True,2,51,0.0392156862745098,,,0.9
C1,random,random,4,False,335,32,42,True,0,50,0.0,,,0.9
C1,random,random,5,False,427,34,28,True,0,50,0.0,,,0.9
C1,random,random,6,False,541,55,21,True,1,51,0.0196078431372549,,,0.9
C1,random,random,7,False,636,73,60,False,1,61,0.01639344262295082,,,0.9
C1,random,random,8,False,606,45,46,True,0,53,0.0,,,0.9
C1,random,random,9,False,339,32,24,True,0,53,0.0,,,0.9
C1,random,random,10,False,485,32,29,True,0,56,0.0,,,0.9
C1,random,random,11,False,331,37,49,True,0,51,0.0,,,0.9
C1,random,random,12,False,557,53,27,True,0,53,0.0,,,0.9
C1,random,random,13,False,365,39,25,True,0,50,0.0,,,0.9
C1,random,random,14,False,612,50,35,True,0,53,0.0,,,0.9
C1,random,random,15,False,646,57,24,True,0,50,0.0,,,0.9
C1,random,random,16,False,655,53,54,True,0,50,0.0,,,0.9
C1,random,random,17,False,446,48,33,True,0,50,0.0,,,0.9
C1,random,random,18,False,493,54,52,True,0,48,0.0,,,0.9
C1,random,random,19,False,493,41,28,True,0,43,0.0,,,0.9
C1,random,random,20,False,635,43,27,True,0,45,0.0,,,0.9
C1,random,random,21,False,608,44,44,True,0,34,0.0,,,0.9
C1,random,random,22,False,453,47,28,True,0,44,0.0,,,0.9
C1,random,random,23,False,489,45,28,True,0,49,0.0,,,0.9
C1,random,random,24,False,395,35,41,True,1,51,0.0196078431372549,,,0.9
C1,random,random,25,False,464,50,21,True,0,47,0.0,,,0.9
C1,random,random,26,False,755,83,31,True,2,50,0.04,,,0.9
C1,random,random,27,False,474,41,27,True,1,45,0.022222222222222223,,,0.9
C1,random,random,28,False,584,37,44,True,0,51,0.0,,,0.9
C1,random,random,29,False,673,79,26,True,0,54,0.0,,,0.9
C2,random,fifo,0,False,702,54,50,True,0,57,0.0,,,0.9
C2,random,fifo,1,False,418,34,29,True,0,52,0.0,,,0.9
C2,random,fifo,2,False,321,29,24,True,0,57,0.0,,,0.9
C2,random,fifo,3,False,415,36,57,True,1,58,0.017241379310344827,,,0.9
C2,random,fifo,4,False,355,35,24,True,0,56,0.0,,,0.9
C2,random,fifo,5,False,372,28,25,True,0,54,0.0,,,0.9
C2,random,fifo,6,False,387,31,44,True,0,58,0.0,,,0.9
C2,random,fifo,7,False,672,51,42,True,0,64,0.0,,,0.9
C2,random,fifo,8,False,509,46,31,True,0,56,0.0,,,0.9
C2,random,fifo,9,False,390,36,26,True,1,60,0.016666666666666666,,,0.9
C2,random,fifo,10,False,862,75,59,True,0,64,0.0,,,0.9
C2,random,fifo,11,False,501,42,39,True,0,55,0.0,,,0.9
C2,random,fifo,12,False,495,44,46,True,0,60,0.0,,,0.9
C2,random,fifo,13,False,439,42,28,True,0,59,0.0,,,0.9
C2,random,fifo,14,False,611,58,30,True,0,62,0.0,,,0.9
C2,random,fifo,15,False,392,42,33,True,0,54,0.0,,,0.9
C2,random,fifo,16,False,602,52,31,True,0,61,0.0,,,0.9
C2,random,fifo,17,False,404,38,40,True,0,62,0.0,,,0.9
C2,random,fifo,18,False,488,35,31,True,0,59,0.0,,,0.9
C2,random,fifo,19,False,454,40,29,True,0,51,0.0,,,0.9
C2,random,fifo,20,False,469,31,60,False,0,54,0.0,,,0.9
C2,random,fifo,21,False,638,38,47,True,0,52,0.0,,,0.9
C2,random,fifo,22,False,396,55,20,True,0,49,0.0,,,0.9
C2,random,fifo,23,False,283,32,23,True,0,53,0.0,,,0.9
C2,random,fifo,24,False,304,30,20,True,0,55,0.0,,,0.9
C2,random,fifo,25,False,378,33,47,True,0,52,0.0,,,0.9
C2,random,fifo,26,False,549,49,26,True,0,53,0.0,,,0.9
C2,random,fifo,27,False,433,47,23,True,0,52,0.0,,,0.9
C2,random,fifo,28,False,867,77,48,True,0,58,0.0,,,0.9
C2,random,fifo,29,False,411,35,34,True,0,58,0.0,,,0.9
C3,random,impact_weighted,0,False,111,12,20,True,0,54,0.0,,,0.9
C3,random,impact_weighted,1,False,142,19,48,True,1,52,0.019230769230769232,,,0.9
C3,random,impact_weighted,2,False,250,20,21,True,0,51,0.0,,,0.9
C3,random,impact_weighted,3,False,318,33,51,True,1,50,0.02,,,0.9
C3,random,impact_weighted,4,False,108,9,20,True,0,52,0.0,,,0.9
C3,random,impact_weighted,5,False,287,34,21,True,0,51,0.0,,,0.9
C3,random,impact_weighted,6,False,261,32,21,True,0,50,0.0,,,0.9
C3,random,impact_weighted,7,False,130,13,60,False,0,61,0.0,,,0.9
C3,random,impact_weighted,8,False,130,14,20,True,2,56,0.03571428571428571,,,0.9
C3,random,impact_weighted,9,False,132,18,21,True,1,53,0.018867924528301886,,,0.9
C3,random,impact_weighted,10,False,120,10,20,True,0,57,0.0,,,0.9
C3,random,impact_weighted,11,False,281,33,20,True,2,50,0.04,,,0.9
C3,random,impact_weighted,12,False,114,11,20,True,0,56,0.0,,,0.9
C3,random,impact_weighted,13,False,257,24,29,True,0,54,0.0,,,0.9
C3,random,impact_weighted,14,False,270,39,33,True,0,57,0.0,,,0.9
C3,random,impact_weighted,15,False,306,25,27,True,0,55,0.0,,,0.9
C3,random,impact_weighted,16,False,237,16,32,True,0,58,0.0,,,0.9
C3,random,impact_weighted,17,False,126,10,21,True,0,54,0.0,,,0.9
C3,random,impact_weighted,18,False,143,13,21,True,0,57,0.0,,,0.9
C3,random,impact_weighted,19,False,191,16,25,True,0,50,0.0,,,0.9
C3,random,impact_weighted,20,False,169,19,57,True,0,50,0.0,,,0.9
C3,random,impact_weighted,21,False,143,18,44,True,0,49,0.0,,,0.9
C3,random,impact_weighted,22,False,295,35,20,True,0,48,0.0,,,0.9
C3,random,impact_weighted,23,False,192,18,25,True,0,50,0.0,,,0.9
C3,random,impact_weighted,24,False,148,24,20,True,1,54,0.018518518518518517,,,0.9
C3,random,impact_weighted,25,False,260,32,23,True,0,51,0.0,,,0.9
C3,random,impact_weighted,26,False,326,31,20,True,1,56,0.017857142857142856,,,0.9
C3,random,impact_weighted,27,False,121,10,20,True,1,51,0.0196078431372549,,,0.9
C3,random,impact_weighted,28,False,303,30,21,True,0,51,0.0,,,0.9
C3,random,impact_weighted,29,False,192,29,20,True,1,60,0.016666666666666666,,,0.9
C4,centrality,random,0,False,1110,85,30,True,0,49,0.0,,,0.9
C4,centrality,random,1,False,1091,81,48,True,0,48,0.0,,,0.9
C4,centrality,random,2,False,1032,69,34,True,1,54,0.018518518518518517,,,0.9
C4,centrality,random,3,False,859,61,33,True,1,52,0.019230769230769232,,,0.9
C4,centrality,random,4,False,1128,79,31,True,0,50,0.0,,,0.9
C4,centrality,random,5,False,959,84,43,True,0,52,0.0,,,0.9
C4,centrality,random,6,False,1073,91,28,True,0,50,0.0,,,0.9
C4,centrality,random,7,False,990,71,24,True,0,61,0.0,,,0.9
C4,centrality,random,8,False,1116,107,42,True,0,56,0.0,,,0.9
C4,centrality,random,9,False,883,56,27,True,0,57,0.0,,,0.9
C4,centrality,random,10,False,983,65,58,True,0,57,0.0,,,0.9
C4,centrality,random,11,False,1090,74,27,True,0,52,0.0,,,0.9
C4,centrality,random,12,False,967,66,27,True,0,55,0.0,,,0.9
C4,centrality,random,13,False,1298,126,25,True,0,52,0.0,,,0.9
C4,centrality,random,14,False,1184,93,35,True,0,53,0.0,,,0.9
C4,centrality,random,15,False,1037,69,33,True,0,52,0.0,,,0.9
C4,centrality,random,16,False,1348,107,48,True,0,54,0.0,,,0.9
C4,centrality,random,17,False,824,59,24,True,0,51,0.0,,,0.9
C4,centrality,random,18,False,1261,94,52,True,0,48,0.0,,,0.9
C4,centrality,random,19,False,810,63,26,True,0,46,0.0,,,0.9
C4,centrality,random,20,False,1408,84,32,True,0,48,0.0,,,0.9
C4,centrality,random,21,False,1426,106,31,True,0,35,0.0,,,0.9
C4,centrality,random,22,False,990,72,32,True,0,48,0.0,,,0.9
C4,centrality,random,23,False,1120,96,28,True,0,49,0.0,,,0.9
C4,centrality,random,24,False,974,63,42,True,0,49,0.0,,,0.9
C4,centrality,random,25,False,1150,95,32,True,0,50,0.0,,,0.9
C4,centrality,random,26,False,1297,89,31,True,1,51,0.0196078431372549,,,0.9
C4,centrality,random,27,False,888,65,29,True,1,47,0.02127659574468085,,,0.9
C4,centrality,random,28,False,985,100,30,True,2,54,0.037037037037037035,,,0.9
C4,centrality,random,29,False,1017,69,28,True,1,55,0.01818181818181818,,,0.9
C5,centrality,fifo,0,False,1200,90,58,True,0,58,0.0,,,0.9
C5,centrality,fifo,1,False,1010,88,28,True,0,53,0.0,,,0.9
C5,centrality,fifo,2,False,1025,82,31,True,0,58,0.0,,,0.9
C5,centrality,fifo,3,False,1110,59,31,True,0,58,0.0,,,0.9
C5,centrality,fifo,4,False,1112,84,29,True,0,57,0.0,,,0.9
C5,centrality,fifo,5,False,1170,76,32,True,0,58,0.0,,,0.9
C5,centrality,fifo,6,False,1535,105,49,True,0,59,0.0,,,0.9
C5,centrality,fifo,7,False,1439,104,29,True,0,63,0.0,,,0.9
C5,centrality,fifo,8,False,1153,85,57,True,0,56,0.0,,,0.9
C5,centrality,fifo,9,False,921,74,32,True,0,62,0.0,,,0.9
C5,centrality,fifo,10,False,1373,111,60,False,0,64,0.0,,,0.9
C5,centrality,fifo,11,False,1434,121,39,True,0,56,0.0,,,0.9
C5,centrality,fifo,12,False,1358,79,29,True,0,59,0.0,,,0.9
C5,centrality,fifo,13,False,1271,99,30,True,0,58,0.0,,,0.9
C5,centrality,fifo,14,False,1485,109,27,True,0,63,0.0,,,0.9
C5,centrality,fifo,15,False,1442,103,48,True,0,58,0.0,,,0.9
C5,centrality,fifo,16,False,1507,99,35,True,0,61,0.0,,,0.9
C5,centrality,fifo,17,False,937,74,31,True,0,61,0.0,,,0.9
C5,centrality,fifo,18,False,1234,93,56,True,0,60,0.0,,,0.9
C5,centrality,fifo,19,False,1009,67,34,True,0,50,0.0,,,0.9
C5,centrality,fifo,20,False,1613,108,30,True,0,56,0.0,,,0.9
C5,centrality,fifo,21,False,1300,82,55,True,0,55,0.0,,,0.9
C5,centrality,fifo,22,False,1101,82,27,True,0,49,0.0,,,0.9
C5,centrality,fifo,23,False,1073,83,28,True,0,53,0.0,,,0.9
C5,centrality,fifo,24,False,1119,76,46,True,1,55,0.01818181818181818,,,0.9
C5,centrality,fifo,25,False,1233,111,26,True,0,53,0.0,,,0.9
C5,centrality,fifo,26,False,1498,93,30,True,1,60,0.016666666666666666,,,0.9
C5,centrality,fifo,27,False,963,75,32,True,0,52,0.0,,,0.9
C5,centrality,fifo,28,False,1182,74,36,True,0,59,0.0,,,0.9
C5,centrality,fifo,29,False,1727,135,28,True,0,59,0.0,,,0.9
C6,centrality,impact_weighted,0,False,324,25,21,True,1,56,0.017857142857142856,,,0.9
C6,centrality,impact_weighted,1,False,318,29,48,True,0,57,0.0,,,0.9
C6,centrality,impact_weighted,2,False,506,62,30,True,0,57,0.0,,,0.9
C6,centrality,impact_weighted,3,False,387,29,22,True,0,58,0.0,,,0.9
C6,centrality,impact_weighted,4,False,387,39,21,True,0,57,0.0,,,0.9
C6,centrality,impact_weighted,5,False,269,21,20,True,0,57,0.0,,,0.9
C6,centrality,impact_weighted,6,False,303,25,21,True,0,53,0.0,,,0.9
C6,centrality,impact_weighted,7,False,483,44,23,True,0,63,0.0,,,0.9
C6,centrality,impact_weighted,8,False,568,80,41,True,1,55,0.01818181818181818,,,0.9
C6,centrality,impact_weighted,9,False,325,29,20,True,1,60,0.016666666666666666,,,0.9
C6,centrality,impact_weighted,10,False,313,27,58,True,0,58,0.0,,,0.9
C6,centrality,impact_weighted,11,False,276,31,20,True,0,59,0.0,,,0.9
C6,centrality,impact_weighted,12,False,373,27,21,True,0,57,0.0,,,0.9
C6,centrality,impact_weighted,13,False,348,32,41,True,0,58,0.0,,,0.9
C6,centrality,impact_weighted,14,False,478,42,22,True,2,63,0.031746031746031744,,,0.9
C6,centrality,impact_weighted,15,False,545,38,21,True,0,61,0.0,,,0.9
C6,centrality,impact_weighted,16,False,461,43,47,True,1,60,0.016666666666666666,,,0.9
C6,centrality,impact_weighted,17,False,315,27,20,True,0,57,0.0,,,0.9
C6,centrality,impact_weighted,18,False,341,27,52,True,0,61,0.0,,,0.9
C6,centrality,impact_weighted,19,False,470,51,20,True,1,52,0.019230769230769232,,,0.9
C6,centrality,impact_weighted,20,False,403,34,21,True,0,55,0.0,,,0.9
C6,centrality,impact_weighted,21,False,340,27,21,True,0,58,0.0,,,0.9
C6,centrality,impact_weighted,22,False,415,45,20,True,1,52,0.019230769230769232,,,0.9
C6,centrality,impact_weighted,23,False,299,25,21,True,0,55,0.0,,,0.9
C6,centrality,impact_weighted,24,False,293,22,21,True,1,53,0.018867924528301886,,,0.9
C6,centrality,impact_weighted,25,False,276,28,20,True,2,53,0.03773584905660377,,,0.9
C6,centrality,impact_weighted,26,False,518,44,22,True,1,63,0.015873015873015872,,,0.9
C6,centrality,impact_weighted,27,False,326,30,20,True,0,56,0.0,,,0.9
C6,centrality,impact_weighted,28,False,370,26,23,True,2,60,0.03333333333333333,,,0.9
C6,centrality,impact_weighted,29,False,392,46,22,True,0,64,0.0,,,0.9
