condition,spreader,moderator,seed,shock,total_exposure,peak_infection,time_to_containment,contained,false_positives,takedowns,false_positive_rate,recovery_time,recovered,recovered_within_k
C1,random,random,0,True,1061,120,58,True,0,72,0.0,28,True,False
C1,random,random,1,True,1133,129,44,True,1,56,0.017857142857142856,14,True,True
C1,random,random,2,True,1230,109,47,True,0,54,0.0,17,True,False
C1,random,random,3,True,992,119,51,True,1,49,0.02040816326530612,21,True,False
C1,random,random,4,True,979,95,48,True,0,68,0.0,18,True,False
C1,random,random,5,True,982,96,41,True,0,51,0.0,11,True,True
C1,random,random,6,True,1339,109,46,True,0,61,0.0,16,True,False
C1,random,random,7,True,1412,138,60,False,0,68,0.0,30,False,False
C1,random,random,8,True,1235,120,57,True,0,62,0.0,27,True,False
C1,random,random,9,True,731,91,42,True,0,47,0.0,12,True,True
C1,random,random,10,True,1251,136,58,True,0,62,0.0,28,True,False
C1,random,random,11,True,1179,125,46,True,0,62,0.0,16,True,False
C1,random,random,12,True,1259,101,42,True,2,69,0.028985507246376812,12,True,True
C1,random,random,13,True,1360,161,50,True,0,58,0.0,20,True,False
C1,random,random,14,True,1501,111,43,True,2,63,0.031746031746031744,13,True,True
C1,random,random,15,True,1796,175,43,True,0,70,0.0,13,True,True
C1,random,random,16,True,1176,123,42,True,0,49,0.0,12,True,True
C1,random,random,17,True,989,93,45,True,0,66,0.0,15,True,True
C1,random,random,18,True,738,83,39,True,2,59,0.03389830508474576,9,True,True
C1,random,random,19,True,777,82,41,True,1,50,0.02,11,True,True
C1,random,random,20,True,1551,176,60,False,0,56,0.0,30,False,False
C1,random,random,21,True,1118,82,46,True,0,50,0.0,16,True,False
C1,random,random,22,True,1206,113,44,True,0,53,0.0,14,True,True
C1,random,random,23,True,991,107,42,True,0,62,0.0,12,True,True
C1,random,random,24,True,1163,101,50,True,1,58,0.017241379310344827,20,True,False
C1,random,random,25,True,1416,148,51,True,0,52,0.0,21,True,False
C1,random,random,26,True,1280,125,53,True,0,67,0.0,23,True,False
C1,random,random,27,True,1103,101,41,True,1,57,0.017543859649122806,11,True,True
C1,random,random,28,True,1290,121,46,True,1,52,0.019230769230769232,16,True,False
C1,random,random,29,True,1626,120,59,True,0,61,0.0,29,True,False
C2,random,fifo,0,True,1394,137,46,True,0,60,0.0,16,True,False
C2,random,fifo,1,True,1224,141,42,True,0,46,0.0,12,True,True
C2,random,fifo,2,True,1000,119,41,True,1,60,0.016666666666666666,11,True,True
C2,random,fifo,3,True,1300,127,51,True,0,53,0.0,21,True,False
C2,random,fifo,4,True,840,109,42,True,0,73,0.0,12,True,True
C2,random,fifo,5,True,1167,113,53,True,0,50,0.0,23,True,False
C2,random,fifo,6,True,1294,135,48,True,0,53,0.0,18,True,False
C2,random,fifo,7,True,1236,103,56,True,0,72,0.0,26,True,False
C2,random,fifo,8,True,1189,123,46,True,0,57,0.0,16,True,False
C2,random,fifo,9,True,930,91,45,True,0,50,0.0,15,True,True
C2,random,fifo,10,True,1575,141,48,True,0,53,0.0,18,True,False
C2,random,fifo,11,True,1390,106,54,True,1,60,0.016666666666666666,24,True,False
C2,random,fifo,12,True,1316,118,44,True,0,60,0.0,14,True,True
C2,random,fifo,13,True,1242,127,60,False,1,59,0.01694915254237288,30,False,False
C2,random,fifo,14,True,1304,114,42,True,0,57,0.0,12,True,True
C2,random,fifo,15,True,1451,122,45,True,0,67,0.0,15,True,True
C2,random,fifo,16,True,1394,112,48,True,0,47,0.0,18,True,False
C2,random,fifo,17,True,1280,118,47,True,0,65,0.0,17,True,False
C2,random,fifo,18,True,1273,114,60,False,0,56,0.0,30,False,False
C2,random,fifo,19,True,1104,89,45,True,0,48,0.0,15,True,True
C2,random,fifo,20,True,2145,148,54,True,0,49,0.0,24,True,False
C2,random,fifo,21,True,1522,113,54,True,0,46,0.0,24,True,False
C2,random,fifo,22,True,1585,166,49,True,0,41,0.0,19,True,False
C2,random,fifo,23,True,986,120,43,True,0,61,0.0,13,True,True
C2,random,fifo,24,True,1124,103,48,True,0,61,0.0,18,True,False
C2,random,fifo,25,True,1524,142,47,True,0,56,0.0,17,True,False
C2,random,fifo,26,True,1373,104,46,True,0,58,0.0,16,True,False
C2,random,fifo,27,True,1146,128,44,True,0,57,0.0,14,True,True
C2,random,fifo,28,True,1654,124,51,True,1,55,0.01818181818181818,21,True,False
C2,random,fifo,29,True,1662,125,43,True,0,57,0.0,13,True,True
C3,random,impact_weighted,0,True,481,82,58,True,1,80,0.0125,28,True,False
C3,random,impact_weighted,1,True,688,108,48,True,0,62,0.0,18,True,False
C3,random,impact_weighted,2,True,550,78,43,True,0,66,0.0,13,True,True
C3,random,impact_weighted,3,True,664,94,51,True,0,72,0.0,21,True,False
C3,random,impact_weighted,4,True,351,83,35,True,1,76,0.013157894736842105,5,True,True
C3,random,impact_weighted,5,True,820,111,39,True,0,69,0.0,9,True,True
C3,random,impact_weighted,6,True,441,83,36,True,2,74,0.02702702702702703,6,True,True
C3,random,impact_weighted,7,True,569,105,37,True,1,80,0.0125,7,True,True
C3,random,impact_weighted,8,True,615,113,41,True,0,71,0.0,11,True,True
C3,random,impact_weighted,9,True,522,84,37,True,1,58,0.017241379310344827,7,True,True
C3,random,impact_weighted,10,True,660,75,58,True,1,74,0.013513513513513514,28,True,False
C3,random,impact_weighted,11,True,617,101,37,True,1,70,0.014285714285714285,7,True,True
C3,random,impact_weighted,12,True,659,86,37,True,1,79,0.012658227848101266,7,True,True
C3,random,impact_weighted,13,True,719,113,41,True,0,69,0.0,11,True,True
C3,random,impact_weighted,14,True,514,92,38,True,2,69,0.028985507246376812,8,True,True
C3,random,impact_weighted,15,True,612,77,38,True,1,82,0.012195121951219513,8,True,True
C3,random,impact_weighted,16,True,639,79,38,True,0,71,0.0,8,True,True
C3,random,impact_weighted,17,True,550,87,38,True,1,77,0.012987012987012988,8,True,True
C3,random,impact_weighted,18,True,696,112,52,True,2,80,0.025,22,True,False
C3,random,impact_weighted,19,True,517,97,37,True,1,72,0.013888888888888888,7,True,True
C3,random,impact_weighted,20,True,580,107,37,True,1,69,0.014492753623188406,7,True,True
C3,random,impact_weighted,21,True,646,111,40,True,0,78,0.0,10,True,True
C3,random,impact_weighted,22,True,531,78,37,True,1,67,0.014925373134328358,7,True,True
C3,random,impact_weighted,23,True,587,96,38,True,1,70,0.014285714285714285,8,True,True
C3,random,impact_weighted,24,True,564,88,41,True,2,77,0.025974025974025976,11,True,True
C3,random,impact_weighted,25,True,628,90,36,True,0,64,0.0,6,True,True
C3,random,impact_weighted,26,True,518,83,41,True,2,77,0.025974025974025976,11,True,True
C3,random,impact_weighted,27,True,520,89,37,True,0,66,0.0,7,True,True
C3,random,impact_weighted,28,True,871,92,41,True,0,72,0.0,11,True,True
C3,random,impact_weighted,29,True,859,146,37,True,0,74,0.0,7,True,True
C4,centrality,random,0,True,3369,359,58,True,0,74,0.0,28,True,False
C4,centrality,random,1,True,3753,367,49,True,0,60,0.0,19,True,False
C4,centrality,random,2,True,3055,296,44,True,1,60,0.016666666666666666,14,True,True
C4,centrality,random,3,True,3279,340,51,True,1,64,0.015625,21,True,False
C4,centrality,random,4,True,3388,329,48,True,0,69,0.0,18,True,False
C4,centrality,random,5,True,2340,316,45,True,0,59,0.0,15,True,True
C4,centrality,random,6,True,3255,318,52,True,1,66,0.015151515151515152,22,True,False
C4,centrality,random,7,True,3299,328,52,True,0,81,0.0,22,True,False
C4,centrality,random,8,True,3165,336,49,True,0,64,0.0,19,True,False
C4,centrality,random,9,True,2373,271,51,True,0,53,0.0,21,True,False
C4,centrality,random,10,True,2895,286,59,True,0,67,0.0,29,True,False
C4,centrality,random,11,True,3016,340,45,True,0,66,0.0,15,True,True
C4,centrality,random,12,True,3363,313,47,True,0,71,0.0,17,True,False
C4,centrality,random,13,True,3098,348,43,True,0,66,0.0,13,True,True
C4,centrality,random,14,True,4066,375,45,True,0,68,0.0,15,True,True
C4,centrality,random,15,True,3800,415,48,True,0,76,0.0,18,True,False
C4,centrality,random,16,True,3830,393,48,True,0,61,0.0,18,True,False
C4,centrality,random,17,True,2854,288,48,True,0,72,0.0,18,True,False
C4,centrality,random,18,True,3162,318,49,True,1,63,0.015873015873015872,19,True,False
C4,centrality,random,19,True,3012,343,47,True,0,52,0.0,17,True,False
C4,centrality,random,20,True,4419,462,48,True,0,62,0.0,18,True,False
C4,centrality,random,21,True,3650,415,45,True,1,55,0.01818181818181818,15,True,True
C4,centrality,random,22,True,3020,323,60,False,0,60,0.0,30,False,False
C4,centrality,random,23,True,3313,393,46,True,0,67,0.0,16,True,False
C4,centrality,random,24,True,2954,349,48,True,1,65,0.015384615384615385,18,True,False
C4,centrality,random,25,True,3737,396,51,True,0,61,0.0,21,True,False
C4,centrality,random,26,True,3338,309,46,True,0,74,0.0,16,True,False
C4,centrality,random,27,True,2827,311,49,True,0,65,0.0,19,True,False
C4,centrality,random,28,True,3536,356,48,True,1,52,0.019230769230769232,18,True,False
C4,centrality,random,29,True,4453,459,48,True,0,68,0.0,18,True,False
C5,centrality,fifo,0,True,3642,416,58,True,0,61,0.0,28,True,False
C5,centrality,fifo,1,True,3275,325,49,True,0,52,0.0,19,True,False
C5,centrality,fifo,2,True,3296,338,45,True,0,62,0.0,15,True,True
C5,centrality,fifo,3,True,3153,309,52,True,1,58,0.017241379310344827,22,True,False
C5,centrality,fifo,4,True,3566,317,49,True,0,73,0.0,19,True,False
C5,centrality,fifo,5,True,2472,315,45,True,0,53,0.0,15,True,True
C5,centrality,fifo,6,True,3121,279,46,True,0,52,0.0,16,True,False
C5,centrality,fifo,7,True,3730,317,49,True,0,75,0.0,19,True,False
C5,centrality,fifo,8,True,3697,394,57,True,0,60,0.0,27,True,False
C5,centrality,fifo,9,True,2809,289,51,True,0,54,0.0,21,True,False
C5,centrality,fifo,10,True,3774,340,60,False,1,57,0.017543859649122806,30,False,False
C5,centrality,fifo,11,True,3079,348,49,True,0,59,0.0,19,True,False
C5,centrality,fifo,12,True,3898,378,46,True,0,65,0.0,16,True,False
C5,centrality,fifo,13,True,3529,359,48,True,0,58,0.0,18,True,False
C5,centrality,fifo,14,True,4104,384,50,True,0,58,0.0,20,True,False
C5,centrality,fifo,15,True,3833,364,55,True,0,71,0.0,25,True,False
C5,centrality,fifo,16,True,3621,321,48,True,0,52,0.0,18,True,False
C5,centrality,fifo,17,True,3099,295,49,True,0,68,0.0,19,True,False
C5,centrality,fifo,18,True,3063,300,59,True,0,55,0.0,29,True,False
C5,centrality,fifo,19,True,3619,327,49,True,0,47,0.0,19,True,False
C5,centrality,fifo,20,True,4929,402,50,True,0,53,0.0,20,True,False
C5,centrality,fifo,21,True,4255,401,50,True,0,49,0.0,20,True,False
C5,centrality,fifo,22,True,3989,348,46,True,0,47,0.0,16,True,False
C5,centrality,fifo,23,True,3646,343,50,True,0,62,0.0,20,True,False
C5,centrality,fifo,24,True,3424,355,47,True,0,63,0.0,17,True,False
C5,centrality,fifo,25,True,4400,405,50,True,0,61,0.0,20,True,False
C5,centrality,fifo,26,True,3245,291,49,True,0,65,0.0,19,True,False
C5,centrality,fifo,27,True,3099,339,47,True,0,62,0.0,17,True,False
C5,centrality,fifo,28,True,4126,409,60,False,0,56,0.0,30,False,False
C5,centrality,fifo,29,True,4283,420,47,True,0,58,0.0,17,True,False
C6,centrality,impact_weighted,0,True,1781,315,41,True,2,90,0.022222222222222223,11,True,True
C6,centrality,impact_weighted,1,True,1784,301,48,True,1,80,0.0125,18,True,False
C6,centrality,impact_weighted,2,True,1843,331,43,True,3,92,0.03260869565217391,13,True,True
C6,centrality,impact_weighted,3,True,1844,326,40,True,2,83,0.024096385542168676,10,True,True
C6,centrality,impact_weighted,4,True,1791,306,41,True,0,90,0.0,11,True,True
C6,centrality,impact_weighted,5,True,1542,288,41,True,0,81,0.0,11,True,True
C6,centrality,impact_weighted,6,True,1960,300,44,True,1,83,0.012048192771084338,14,True,True
C6,centrality,impact_weighted,7,True,1966,335,39,True,0,88,0.0,9,True,True
C6,centrality,impact_weighted,8,True,1998,300,44,True,2,86,0.023255813953488372,14,True,True
C6,centrality,impact_weighted,9,True,1579,269,40,True,1,73,0.0136986301369863,10,True,True
C6,centrality,impact_weighted,10,True,1916,287,40,True,0,84,0.0,10,True,True
C6,centrality,impact_weighted,11,True,1816,300,41,True,2,79,0.02531645569620253,11,True,True
C6,centrality,impact_weighted,12,True,1820,324,40,True,0,81,0.0,10,True,True
C6,centrality,impact_weighted,13,True,2221,374,43,True,0,83,0.0,13,True,True
C6,centrality,impact_weighted,14,True,2727,330,43,True,1,86,0.011627906976744186,13,True,True
C6,centrality,impact_weighted,15,True,2243,338,41,True,1,92,0.010869565217391304,11,True,True
C6,centrality,impact_weighted,16,True,2537,357,54,True,0,87,0.0,24,True,False
C6,centrality,impact_weighted,17,True,1462,238,41,True,1,85,0.011764705882352941,11,True,True
C6,centrality,impact_weighted,18,True,1890,282,52,True,2,95,0.021052631578947368,22,True,False
C6,centrality,impact_weighted,19,True,1756,296,46,True,0,71,0.0,16,True,False
C6,centrality,impact_weighted,20,True,2753,407,43,True,2,87,0.022988505747126436,13,True,True
C6,centrality,impact_weighted,21,True,2409,348,44,True,1,86,0.011627906976744186,14,True,True
C6,centrality,impact_weighted,22,True,1926,297,40,True,1,79,0.012658227848101266,10,True,True
C6,centrality,impact_weighted,23,True,2263,337,42,True,1,87,0.011494252873563218,12,True,True
C6,centrality,impact_weighted,24,True,1656,299,41,True,3,84,0.03571428571428571,11,True,True
C6,centrality,impact_weighted,25,True,2437,357,55,True,1,78,0.01282051282051282,25,True,False
C6,centrality,impact_weighted,26,True,1868,263,41,True,0,96,0.0,11,True,True
C6,centrality,impact_weighted,27,True,2139,284,45,True,1,83,0.012048192771084338,15,True,True
C6,centrality,impact_weighted,28,True,2106,264,44,True,4,84,0.047619047619047616,14,True,True
C6,centrality,impact_weighted,29,True,2281,348,41,True,2,86,0.023255813953488372,11,True,True
C3s,random,impact_static,0,True,638,85,41,True,0,74,0.0,11,True,True
C3s,random,impact_static,1,True,766,111,43,True,0,57,0.0,13,True,True
C3s,random,impact_static,2,True,518,76,35,True,0,67,0.0,5,True,True
C3s,random,impact_static,3,True,830,91,51,True,0,69,0.0,21,True,False
C3s,random,impact_static,4,True,696,89,43,True,0,69,0.0,13,True,True
C3s,random,impact_static,5,True,790,109,39,True,0,67,0.0,9,True,True
C3s,random,impact_static,6,True,721,74,44,True,1,69,0.014492753623188406,14,True,True
C3s,random,impact_static,7,True,706,105,60,False,0,80,0.0,30,False,False
C3s,random,impact_static,8,True,701,91,41,True,2,70,0.02857142857142857,11,True,True
C3s,random,impact_static,9,True,582,79,41,True,0,58,0.0,11,True,True
C3s,random,impact_static,10,True,749,79,58,True,0,71,0.0,28,True,False
C3s,random,impact_static,11,True,887,114,43,True,0,70,0.0,13,True,True
C3s,random,impact_static,12,True,754,91,40,True,0,76,0.0,10,True,True
C3s,random,impact_static,13,True,834,113,40,True,0,68,0.0,10,True,True
C3s,random,impact_static,14,True,836,117,42,True,2,66,0.030303030303030304,12,True,True
C3s,random,impact_static,15,True,682,77,39,True,0,77,0.0,9,True,True
C3s,random,impact_static,16,True,718,79,39,True,0,68,0.0,9,True,True
C3s,random,impact_static,17,True,837,112,42,True,0,74,0.0,12,True,True
C3s,random,impact_static,18,True,785,114,39,True,1,71,0.014084507042253521,9,True,True
C3s,random,impact_static,19,True,649,101,42,True,0,61,0.0,12,True,True
C3s,random,impact_static,20,True,950,126,42,True,0,71,0.0,12,True,True
C3s,random,impact_static,21,True,757,103,49,True,1,69,0.014492753623188406,19,True,False
C3s,random,impact_static,22,True,705,80,42,True,2,64,0.03125,12,True,True
C3s,random,impact_static,23,True,765,99,45,True,0,70,0.0,15,True,True
C3s,random,impact_static,24,True,659,88,47,True,3,70,0.04285714285714286,17,True,False
C3s,random,impact_static,25,True,612,70,42,True,0,58,0.0,12,True,True
C3s,random,impact_static,26,True,568,79,45,True,1,72,0.013888888888888888,15,True,True
C3s,random,impact_static,27,True,624,89,43,True,1,64,0.015625,13,True,True
C3s,random,impact_static,28,True,850,94,41,True,1,69,0.014492753623188406,11,True,True
C3s,random,impact_static,29,True,1214,144,44,True,0,69,0.0,14,True,True
C6s,centrality,impact_static,0,True,2644,332,58,True,1,90,0.011111111111111112,28,True,False
C6s,centrality,impact_static,1,True,2495,266,47,True,1,84,0.011904761904761904,17,True,False
C6s,centrality,impact_static,2,True,2291,297,44,True,2,86,0.023255813953488372,14,True,True
C6s,centrality,impact_static,3,True,2424,302,51,True,1,79,0.012658227848101266,21,True,False
C6s,centrality,impact_static,4,True,2282,290,45,True,0,85,0.0,15,True,True
C6s,centrality,impact_static,5,True,2082,374,49,True,1,82,0.012195121951219513,19,True,False
C6s,centrality,impact_static,6,True,2146,284,45,True,1,82,0.012195121951219513,15,True,True
C6s,centrality,impact_static,7,True,2260,338,44,True,0,91,0.0,14,True,True
C6s,centrality,impact_static,8,True,2699,293,54,True,0,85,0.0,24,True,False
C6s,centrality,impact_static,9,True,1882,282,43,True,0,76,0.0,13,True,True
C6s,centrality,impact_static,10,True,2294,320,58,True,0,85,0.0,28,True,False
C6s,centrality,impact_static,11,True,2430,304,49,True,2,91,0.02197802197802198,19,True,False
C6s,centrality,impact_static,12,True,2419,284,50,True,0,84,0.0,20,True,False
C6s,centrality,impact_static,13,True,2287,302,46,True,1,80,0.0125,16,True,False
C6s,centrality,impact_static,14,True,3232,351,49,True,1,77,0.012987012987012988,19,True,False
C6s,centrality,impact_static,15,True,3303,443,51,True,1,96,0.010416666666666666,21,True,False
C6s,centrality,impact_static,16,True,2589,323,47,True,0,86,0.0,17,True,False
C6s,centrality,impact_static,17,True,2245,253,44,True,0,86,0.0,14,True,True
C6s,centrality,impact_static,18,True,2392,363,57,True,3,89,0.033707865168539325,27,True,False
C6s,centrality,impact_static,19,True,1921,300,48,True,2,74,0.02702702702702703,18,True,False
C6s,centrality,impact_static,20,True,3216,379,45,True,0,83,0.0,15,True,True
C6s,centrality,impact_static,21,True,2572,323,49,True,0,88,0.0,19,True,False
C6s,centrality,impact_static,22,True,2460,300,60,False,1,78,0.01282051282051282,30,False,False
C6s,centrality,impact_static,23,True,2598,299,45,True,1,88,0.011363636363636364,15,True,True
C6s,centrality,impact_static,24,True,2133,299,44,True,5,85,0.058823529411764705,14,True,True
C6s,centrality,impact_static,25,True,2888,342,47,True,0,81,0.0,17,True,False
C6s,centrality,impact_static,26,True,2390,264,49,True,0,88,0.0,19,True,False
C6s,centrality,impact_static,27,True,2006,248,46,True,1,80,0.0125,16,True,False
C6s,centrality,impact_static,28,True,2611,288,46,True,1,80,0.0125,16,True,False
C6s,centrality,impact_static,29,True,3367,371,50,True,0,88,0.0,20,True,False
